ContaNome;Data;Historico;Debito;Credito
Aplicação Caixa Econômica Federal;31/01/2025;VR.CRED.C/C REND.APLICAÇAO FINANCEIRA CF EXTRATO;907,44;0,00
Aplicação Caixa Econômica Federal - resgate;31/01/2025;VR.DEB.C/C.REF.RESTAGE CDB;0,00;8,81
Aplicação Caixa Econômica Federal - resgate;31/01/2025;VR.CRED.C/C.REF.RESTAGE CDB;0,00;1838,52
Aplicação Caixa Econômica Federal - resgate;05/02/2025;VR.CRED.C/C.REF.RESTAGE CDB;0,00;2751,68
Aplicação Caixa Econômica Federal - resgate;07/02/2025;VR.CRED.C/C.REF.RESTAGE CDB;0,00;180,33
Aplicação Caixa Econômica Federal;28/02/2025;VR.CRED.C/C REND.APLICAÇAO FINANCEIRA CF EXTRATO;847,79;0,00
Aplicação Caixa Econômica Federal - resgate;28/02/2025;VR.CRED.C/C.REF.RESTAGE CDB;0,00;18,29
Aplicação Caixa Econômica Federal - resgate;05/03/2025;VR.CRED.C/C.REF.RESTAGE CDB;0,00;18958,07
Aplicação Caixa Econômica Federal - resgate;06/03/2025;VR.CRED.C/C.REF.RESTAGE CDB;0,00;202,32
Aplicação Caixa Econômica Federal - resgate;11/03/2025;VR.CRED.C/C.REF.RESTAGE CDB;0,00;1909,16
Aplicação Caixa Econômica Federal;21/03/2025;VR.CRED.C/C REND.APLICAÇAO FINANCEIRA CF EXTRATO;23000,00;0,00
Aplicação Caixa Econômica Federal - resgate;27/03/2025;VR.CRED.C/C.REF.RESTAGE CDB;0,00;1052,06
Aplicação Caixa Econômica Federal - resgate;28/03/2025;VR.CRED.C/C.REF.RESTAGE CDB;0,00;1055,05
Aplicação Caixa Econômica Federal;31/03/2025;VR.CRED.C/C REND.APLICAÇAO FINANCEIRA CF EXTRATO;724,66;0,00
Aplicação Caixa Econômica Federal - resgate;31/03/2025;VR.CRED.C/C.REF.RESTAGE CDB ;0,00;211,74
Aplicação Caixa Econômica Federal - resgate;31/03/2025;VR.CRED.C/C.REF.RESTAGE CDB SEGURO MOTO;0,00;3684,47
Aplicação Caixa Econômica Federal - resgate;01/04/2025;VR.CRED.C/C.REF.RESTAGE CDB;0,00;15679,31
Aplicação Caixa Econômica Federal - resgate;07/04/2025;VR.CRED.C/C.REF.RESTAGE CDB;0,00;904,60
Aplicação Caixa Econômica Federal;30/04/2025;VR.CRED.C/C REND.APLICAÇAO FINANCEIRA CF EXTRATO;733,92;0,00
Aplicação Caixa Econômica Federal - resgate;30/04/2025;VR.CRED.C/C.REF.RESTAGE CDB;0,00;147,33
Aplicação Caixa Econômica Federal - resgate;05/05/2025;VR.CRED.C/C.REF.RESTAGE CDB;0,00;4500,25
Aplicação Caixa Econômica Federal;30/05/2025;VR.CRED.C/C REND.APLICAÇAO FINANCEIRA CF EXTRATO;755,32;0,00
Aplicação Caixa Econômica Federal - resgate;30/05/2025;VR.CRED.C/C.REF.RESTAGE CDB;0,00;519,56
Aplicação Caixa Econômica Federal;30/06/2025;VR.CRED.C/C REND.APLICAÇAO FINANCEIRA CF EXTRATO;728,51;0,00
Aplicação Caixa Econômica Federal;31/07/2025;VR.CRED.C/C REND.APLICAÇAO FINANCEIRA CF EXTRATO;859,47;0,00
Adiantamento de Ferias;08/01/2025;VR.DEB.C/C REF.FERIAS DE WESLEY ADRIANO;2483,84;0,00
Adiantamento de Ferias;03/02/2025;VR.DEB.C/C REF.FERIAS HUDSON;3311,89;0,00
Adiantamento de Ferias;28/02/2025;VR.DEB.C/C REF.FERIAS LUIS F;3242,24;0,00
Adiantamento de Ferias;27/03/2025;VR.DEB.C/C REF.FERIAS SANDRO ALVES;2659,63;0,00
Adiantamento de Ferias;29/04/2025;VR.DEB.C/C REF.FERIAS ADILSON;2708,05;0,00
Adiantamento de Ferias;01/07/2025;VR.DEB.C/C REF.FERIAS DE WESLLEY ADRIANO;2998,56;0,00
Adiantamento de Salarios;08/05/2025;VR. DEB. C/C REF. ADIANTAMENTO SALARIO WESLLEY;600,00;0,00
Adiantamento de Salarios;08/05/2025;VR. DEB. C/C REF.ADIANTAMENTO SALARIO WESLLEY;400,00;0,00
Adiantamento de Salarios;20/06/2025;VR. DEB. C/C REF. ADIANTAMENTO ADILSON;300,00;0,00
Aparelhos Celulares;04/06/2025;VR. DEB. C/C REF.VAREJO BLASKVICZ NF 127;860,00;0,00
Moveis e Utensilios - Portaria ;06/01/2025;VR. DEB. C/C REF.JOSE MARINHO DA PAZ NF 42;438,00;0,00
Portão de acesso;09/04/2025;VR. DEB. C/C REF. Portão Eletronico Portaria - 1/4 - CASSIA MARIA NFS-E 69;3138,75;0,00
Portão de acesso;05/05/2025;VR. DEB. C/C REF.Portão Eletronico Portaria - 2/4 - CASSIA MARIA;3138,75;0,00
Portão de acesso;05/06/2025;VR. DEB. C/C REF. Portão Eletronico Portaria - 3/4 - CASSIA MARIA;3138,75;0,00
Portão de acesso;04/07/2025;VR. DEB. C/C REF.Portão Eletronico Portaria - 4/4 - CASSIA MARIA;3138,75;0,00
Postes e Placas de Sinalização;17/07/2025;VR. DEB. C/C REF.FABRITELHAS NF 6.896/6.734/6.897/6.748;1812,70;0,00
Postes e Placas de Sinalização;17/07/2025;VR. DEB. C/C REF. QUALIDADE COMERCIAL SANTOS MACIEL LTDA NF 2.079;205,00;0,00
Postes e Placas de Sinalização;22/07/2025;VR. DEB. C/C REF. MARSELHA PLACAS 1/2;1540,00;0,00
Salario a Pagar;06/01/2025;VR.DEB.C/C REF.PAGTO.SALARIOS N/MES;13208,75;0,00
Salario a Pagar;05/02/2025;VR.DEB.C/C REF.PAGTO.SALARIOS N/MES;11406,19;0,00
Salario a Pagar;05/03/2025;VR.DEB.C/C REF.PAGTO.SALARIOS N/MES;11399,06;0,00
Salario a Pagar;01/04/2025;VR.DEB.C/C REF.PAGTO.SALARIOS N/MES;11501,21;0,00
Salario a Pagar;02/05/2025;VR.DEB.C/C REF.PAGTO.SALARIOS N/MES;11737,75;0,00
Salario a Pagar;02/06/2025;VR.DEB.C/C REF.PAGTO.SALARIOS N/MES;10649,11;0,00
Salario a Pagar;01/07/2025;VR.DEB.C/C REF.PAGTO.SALARIOS N/MES;10604,68;0,00
Pis s/Folha de Pagamento;20/01/2025;VR.DEB.C/C PIS S/FOLHA PAGATO.;152,75;0,00
Pis s/Folha de Pagamento;19/02/2025;VR.DEB.C/C PIS S/FOLHA PAGATO.;158,53;0,00
Pis s/Folha de Pagamento;11/03/2025;VR.DEB.C/C PIS S/FOLHA PAGATO.;167,31;0,00
Pis s/Folha de Pagamento;16/04/2025;VR.DEB.C/C PIS S/FOLHA PAGATO.;171,31;0,00
Pis s/Folha de Pagamento;20/05/2025;VR.DEB.C/C PIS S/FOLHA PAGATO.;165,20;0,00
Pis s/Folha de Pagamento;25/06/2025;VR.DEB.C/C PIS S/FOLHA PAGATO.;156,88;0,00
Pis s/Folha de Pagamento;18/07/2025;VR.DEB.C/C PIS S/FOLHA PAGATO;156,14;0,00
IRRF;20/01/2025;VR.DESC.IRRF S/SALARIOS N/MES.;20,75;0,00
IRRF;19/02/2025;VR.DESC.IRRF S/SALARIOS N/MES.;93,23;0,00
IRRF;11/03/2025;VR.DESC.IRRF S/SALARIOS N/MES.;80,12;0,00
INSS a Pagar;20/01/2025;VR.DEB.C/C REF.PAGATO.INSS;5175,71;0,00
INSS a Pagar;19/02/2025;VR.DEB.C/C REF.PAGATO.INSS;5365,92;0,00
INSS a Pagar;11/03/2025;VR.DEB.C/C REF.PAGATO.INSS;5674,45;0,00
INSS a Pagar;16/04/2025;VR.DEB.C/C REF.PAGATO.INSS;5816,74;0,00
INSS a Pagar;20/05/2025;VR.DEB.C/C REF.PAGATO.INSS;5589,38;0,00
INSS a Pagar;25/06/2025;VR.DEB.C/C REF.PAGATO.INSS;5351,75;0,00
INSS a Pagar;18/07/2025;VR.DEB.C/C REF.PAGATO.INSS;5270,00;0,00
FGTS a Pagar;08/01/2025;VR.DEB.C/C FGTS MES 13/2024;543,54;0,00
FGTS a Pagar;14/01/2025;VR.DEB.C/C FGTS MES;1221,94;0,00
FGTS a Pagar;07/02/2025;VR.DEB.C/C FGTS MES;1268,22;0,00
FGTS a Pagar;11/03/2025;VR.DEB.C/C FGTS MES;1338,48;0,00
FGTS a Pagar;14/04/2025;VR.DEB.C/C FGTS MES;1370,49;0,00
FGTS a Pagar;20/05/2025;VR.DEB.C/C FGTS MES;1321,59;0,00
FGTS a Pagar;25/06/2025;VR.DEB.C/C FGTS MES;1324,28;0,00
FGTS a Pagar;26/06/2025;VR.DEB.C/C FGTS CONSIGNADO 1/12;569,41;0,00
FGTS a Pagar;18/07/2025;VR.DEB.C/C FGTS MES;1663,43;0,00
Conservacao e Manutencao;06/01/2025;VR. DEB. C/C REF. MULTICAZ COMERCIO VAREJISTA LTDA NF 34.229 / IBITEXENXOVAIS LTDA NF 417.672;190,87;0,00
Conservacao e Manutencao;13/01/2025;VR. DEB. C/C REF. MINAS TEXTURAS / LEONARDO RANGEL AMARAL GONCALVES LTDA NF 310;824,90;0,00
Conservacao e Manutencao;16/01/2025;VR. DEB. C/C REF. REPARO DANO ESTRUTURAL MURO - WEVERTON COSME 1/2;900,00;0,00
Conservacao e Manutencao;17/01/2025;VR. DEB. C/C REF. MINAS TEXTUAS LEONARDO RANGEL AMARAL GONCALVES LTDA NF 321;472,45;0,00
Conservacao e Manutencao;21/01/2025;VR. DEB. C/C REF. REPARO DANO ESTRUTURAL MURO - WEVERTON COSME 2/2;900,00;0,00
Conservacao e Manutencao;14/02/2025;VR. DEB. C/C REF. AXF MATERIAIS DE CONSTRUÇÃO ALMEIDA ACABAMENTOS NF 1248;66,00;0,00
Conservacao e Manutencao;17/02/2025;VR. DEB. C/C REF. REAL COMERCIO LTDA NF 113308;420,86;0,00
Conservacao e Manutencao;24/02/2025;VR. DEB. C/C REF. LERROY MERLIN;42,78;0,00
Conservacao e Manutencao;10/03/2025;VR. DEB. C/C REF. CASA VERMELHA TREM DE TUDO, N. 35840;45,50;0,00
Conservacao e Manutencao;15/05/2025;VR. DEB. C/C REF.ALMEIDA ACABAMENTOS;66,54;0,00
Conservacao e Manutencao;23/05/2025;VR.DEB.C/C.REF.PAGTO VEREJO BLASKVICZ NF 25;11,00;0,00
Conservacao e Manutencao;06/06/2025;VR. DEB. C/C REF. BRX COMERCIO DE MINERIOS E DECORACAO LTDA NF 3.666 E 3.667;278,00;0,00
Conservacao e Manutencao;02/07/2025;VR. DEB. C/C REF.WMARUO COMERCIO DE PRODUTOS PARA NF2.983 (MERCADO LIVRE);53,50;0,00
Conservacao e Manutencao;24/07/2025;VR.DEB.C/C.REF.PAGTO VEREJO BLASKVICZ NF 131;57,00;0,00
Correio;09/01/2025;VR. DEB. C/C REF.CORREIO;73,20;0,00
Material de Construçao;27/01/2025;VR. DEB. C/C REF. AXF MATERIAIS DE CONSTRUÇÃO LTDA NF 1.220;357,50;0,00
Material de Construçao;05/03/2025;VR. DEB. C/C REF.AXF MATERIAIS DE CONSTRUÇÃO LTDA NF 1271;1158,60;0,00
Material de Construçao;11/03/2025;VR. DEB. C/C REF.AXF MATERIAS DE CONSTRUÇÃO LTDA NF 1278;429,00;0,00
Material de Construçao;12/03/2025;VR. DEB. C/C REF. FABRITELHAS INDUSTRIA COMERCIO E SERVIÇOS LTDA NF 5.158;2842,08;0,00
Material de Construçao;31/03/2025;VR. DEB. C/C REF. PH SERRALHEIRO N. 6;2000,00;0,00
Sistema Interno Cond 21;27/01/2025;VR. DEB. C/C REF. PAGTO GROUP COM;340,85;0,00
Sistema Interno Cond 21;25/02/2025;VR. DEB. C/C REF. PAGTO COND21 GROUP SOFTWARE;340,85;0,00
Sistema Interno Cond 21;25/03/2025;VR. DEB. C/C REF. PAGTO COND21;340,85;0,00
Sistema Interno Cond 21;25/04/2025;VR. DEB. C/C REF. PAGTO COND21 GROUP SOFTWARE;340,85;0,00
Sistema Interno Cond 21;26/05/2025;VR. DEB. C/C REF. PAGTO COND21 GROUP SOFTWARE;391,02;0,00
Sistema Interno Cond 21;25/06/2025;VR. DEB. C/C REF. PAGTO COND21 GROUP SOFTWARE;370,81;0,00
Sistema Interno Cond 21;25/07/2025;VR. DEB. C/C REF. PAGTO COND21 GROUP SOFTWARE;370,81;0,00
Honorarios Contabeis;07/01/2025;VR.DEB.C/C HONORARIOS CONTABEIS N/MES;2596,00;0,00
Honorarios Contabeis;04/02/2025;VR.DEB.C/C HONORARIOS CONTABEIS N/MES;2790,70;0,00
Honorarios Contabeis;05/03/2025;VR.DEB.C/C HONORARIOS CONTABEIS N/MES;2790,70;0,00
Honorarios Contabeis;04/04/2025;VR.DEB.C/C HONORARIOS CONTABEIS N/MES;2790,70;0,00
Honorarios Contabeis;05/05/2025;VR.DEB.C/C HONORARIOS CONTABEIS N/MES;2790,70;0,00
Honorarios Contabeis;02/06/2025;VR.DEB.C/C HONORARIOS CONTABEIS N/MES;2790,70;0,00
Honorarios Contabeis;02/07/2025;VR.DEB.C/C HONORARIOS CONTABEIS N/MES;2790,70;0,00
Material de limpeza;07/01/2025;VR.DEB.C/C.REF.PAGTO SUPERMERCADO APOIO MINEIRO;144,04;0,00
Material de limpeza;07/01/2025;VR. DEB. C/C REF.GARRA DISTRIBUIDORA NF 5324;59,43;0,00
Material de limpeza;30/01/2025;VR. DEB. C/C REF. DJ DE OLIVEIRA DISTRIBUIDORA NF 102.257;70,44;0,00
Material de limpeza;03/02/2025;VR. DEB. C/C REF.EMBRASIL COMERCIO E IMPORTAÇÃO LTDA;51,60;0,00
Material de limpeza;06/02/2025;VR. DEB. C/C REF.GARRA DISTRIBUIDORA;83,34;0,00
Material de limpeza;06/02/2025;VR.DEB.C/C.REF.PAGTO SUPERMERCADO APOIO MINEIRO;50,87;0,00
Material de limpeza;07/02/2025;VR. DEB. C/C REF. AXF MATERIAIS DE CONSTRUÇÃO LTDA NF 1240;33,90;0,00
Material de limpeza;24/03/2025;VR.DEB.C/C.REF.PAGTO SUPERMERCADOS BH;51,78;0,00
Material de limpeza;24/03/2025;VR.DEB.C/C.REF.PAGTO VEREJO BLASKVICZ NF 123;31,00;0,00
Material de limpeza;29/04/2025;VR.DEB.C/C.REF.PAGTO SUPERMERCADOS BH;41,90;0,00
Material de limpeza;08/05/2025;VR. DEB. C/C REF. GARRA COMERCIO LTDA NF 5606;48,80;0,00
Material de limpeza;09/05/2025;VR.DEB.C/C.REF.PAGTO SUPERMERCADO APOIO MINEIRO;259,21;0,00
Material de limpeza;18/06/2025;VR.DEB.C/C.REF.PAGTO VEREJO BLASKVICZ NF 129;40,50;0,00
Material de limpeza;18/06/2025;VR.DEB.C/C.REF.PAGTO VEREJO BLASKVICZ NF 130;24,00;0,00
Material de limpeza;11/07/2025;VR.DEB.C/C.REF.PAGTO SUPERMERCADOS BH;95,76;0,00
Material de limpeza;24/07/2025;VR.DEB.C/C.REF.PAGTO VEREJO BLASKVICZ NF 131;25,00;0,00
Material de limpeza;29/07/2025;VR. DEB. C/C REF. LOJAO DO REAL;25,00;0,00
Lanches e Refeicoes;30/01/2025;VR. DEB. C/C REF. MEU PRATA SUPERMERCADOS EIRELI;177,90;0,00
Lanches e Refeicoes;14/02/2025;VR. DEB. C/C REF.ALMOCO DCJ;259,00;0,00
Lanches e Refeicoes;28/02/2025;VR. DEB. C/C REF. ALIMENTACAO DCJ;259,00;0,00
Lanches e Refeicoes;05/03/2025;VR.DEB.C/C.REF.PAGTO SUPERMERCADOS BH;194,66;0,00
Lanches e Refeicoes;24/03/2025;VR. DEB. C/C REF. COMERCIAL SERRA DO CIPO;59,67;0,00
Lanches e Refeicoes;24/03/2025;VR. DEB. C/C REF. EMPORIO TREVO;21,00;0,00
Lanches e Refeicoes;31/03/2025;VR.DEB.C/C.REF.PAGTO SUPERMERCADO APOIO MINEIRO;157,44;0,00
Lanches e Refeicoes;29/04/2025;VR.DEB.C/C.REF.PAGTO SUPERMERCADOS BH;166,36;0,00
Lanches e Refeicoes;26/05/2025;VR.DEB.C/C.REF.PAGTO SUPERMERCADOS BH;172,38;0,00
Lanches e Refeicoes;25/06/2025;VR.DEB.C/C.REF.PAGTO SUPERMERCADOS BH;166,44;0,00
Lanches e Refeicoes;18/07/2025;VR. DEB. C/C REF.MULTI FORMATO DISTRIBUIDORA;175,72;0,00
Locaçao de Equipamentos/ Veiculos;24/02/2025;VR. DEB. C/C REF. LOCAMONTE FL-116776;235,00;0,00
Locaçao de Equipamentos/ Veiculos;26/02/2025;VR. DEB. C/C REF. LOC JABO;100,00;0,00
Locaçao de Equipamentos/ Veiculos;28/02/2025;VR. DEB. C/C REF.LOCAMONTE FL-116883;300,00;0,00
Locaçao de Equipamentos/ Veiculos;28/04/2025;VR.PAGTO. N/CH  REF. HUGO VERNEK XAVIER NF 20250000000000018 - CAÇAMBA;500,00;0,00
Reembolso de Quilometragem;11/03/2025;VR. DEB. C/C REF. ADEC ENTREGA LIVROS CONTABEIS 2019/2020/2021/2022/2023/2024;273,60;0,00
Despesas c/ Servicos Terceiros (PJ);08/04/2025;VR. DEB. C/C REF.SERVIÇOS ADM AMBIENTAIS - NSF-E 77 - Luciana da Silva;250,00;0,00
Combustivel/Lubrificantes/Troca Oleo ;07/01/2025;VR. DEB. C/C REF. CARVALHO ENGENHARIA LTDA;120,00;0,00
Combustivel/Lubrificantes/Troca Oleo ;08/01/2025;VR. DEB. C/C REF. PETRO SERRA AUTO POSTO LTDA;82,88;0,00
Combustivel/Lubrificantes/Troca Oleo ;10/01/2025;VR. DEB. C/C REF. SANTO POSTO LAGOA SANTA - COMERCIO DE COMBUSTIVEIS LTDA;100,00;0,00
Combustivel/Lubrificantes/Troca Oleo ;11/02/2025;VR. DEB. C/C REF. ABASTECIMENTO MOTO COND. REEMBOLSO WESLLEY;80,21;0,00
Combustivel/Lubrificantes/Troca Oleo ;24/02/2025;VR. DEB. C/C REF. POSTO ATP LTDA;98,35;0,00
Combustivel/Lubrificantes/Troca Oleo ;25/02/2025;VR. DEB. C/C REF.REEMBOLSO WESLLEY ABASTECIMENTO MOTO COND;34,99;0,00
Combustivel/Lubrificantes/Troca Oleo ;26/02/2025;VR. DEB. C/C REF. REEMBOLSO WESLLEY COMBUSTIVEL;60,00;0,00
Combustivel/Lubrificantes/Troca Oleo ;18/03/2025;VR. DEB. C/C REF.REEMBOLSO WESLLEY ABASTECIMENTO;80,00;0,00
Combustivel/Lubrificantes/Troca Oleo ;21/03/2025;VR. DEB. C/C REF.ABASTECIMENTO;120,00;0,00
Combustivel/Lubrificantes/Troca Oleo ;10/04/2025;VR. DEB. C/C REF.REEMBOLSO WESLLEY;100,00;0,00
Combustivel/Lubrificantes/Troca Oleo ;15/04/2025;VR. DEB. C/C REF.ABASTECIMENTO CARREFOUR;90,00;0,00
Combustivel/Lubrificantes/Troca Oleo ;02/05/2025;VR. DEB. C/C REF. REEMBOLSO WESLLEY COMBUSTIVEL - MOTO COND.;111,37;0,00
Combustivel/Lubrificantes/Troca Oleo ;06/05/2025;VR. DEB. C/C REF.REEMBOLSO COMBUSTIVEL;50,00;0,00
Combustivel/Lubrificantes/Troca Oleo ;26/05/2025;VR. DEB. C/C REF. REEMBOLSO ABASTECIMENTO;50,00;0,00
Combustivel/Lubrificantes/Troca Oleo ;29/05/2025;VR. DEB. C/C REF. REEMBOLSO ABASTECIMENTO MOTO COND.;80,00;0,00
Combustivel/Lubrificantes/Troca Oleo ;25/06/2025;VR. DEB. C/C REF.REEMBOLSO COMBUSTIVEL MOTO;100,00;0,00
Combustivel/Lubrificantes/Troca Oleo ;05/07/2025;VR. DEB. C/C REF.ABASTECIMENTO;70,00;0,00
Combustivel/Lubrificantes/Troca Oleo ;09/07/2025;VR. DEB. C/C REF.ABASTECIMENTO MOTO E ROÇADEIRA;105,01;0,00
Combustivel/Lubrificantes/Troca Oleo ;18/07/2025;VR. DEB. C/C REF. ABASTECIMENTO;70,00;0,00
Conservacao e manutencao de Motos;07/02/2025;VR. DEB. C/C REF.MEGGA MOTOS OS 11252;445,00;0,00
Conservacao e manutencao de Motos;14/02/2025;VR. DEB. C/C REF. MEGGA MOTOS OS11367;198,00;0,00
Conservacao e manutencao de Motos;27/03/2025;VR.DEB.C/C.REF.PAGTO MEGGA MOTOS OS 11618;200,00;0,00
Conservacao e manutencao de Motos;28/05/2025;VR. DEB. C/C REF. MEGGA MOTOS OS. 11849;50,00;0,00
Energia Eletrica;17/01/2025;VR.DEB.C/C CTA CEMIG N/MES;2600,22;0,00
Energia Eletrica;17/01/2025;VR.DEB.C/C CTA CEMIG N/MES;452,50;0,00
Energia Eletrica;17/01/2025;VR.DEB.C/C CTA CEMIG N/MES;166,34;0,00
Energia Eletrica;14/02/2025;VR.DEB.C/C CTA CEMIG N/MES;1615,21;0,00
Energia Eletrica;14/02/2025;VR.DEB.C/C CTA CEMIG N/MES;331,25;0,00
Energia Eletrica;17/03/2025;VR.DEB.C/C CTA CEMIG N/MES;1411,86;0,00
Energia Eletrica;17/03/2025;VR.DEB.C/C CTA CEMIG N/MES;331,42;0,00
Energia Eletrica;17/03/2025;VR.DEB.C/C CTA CEMIG N/MES;107,77;0,00
Energia Eletrica;17/04/2025;VR.DEB.C/C CTA CEMIG N/MES;421,16;0,00
Energia Eletrica;17/04/2025;VR.DEB.C/C CTA CEMIG N/MES;200,81;0,00
Energia Eletrica;19/05/2025;VR.DEB.C/C CTA CEMIG N/MES;1674,37;0,00
Energia Eletrica;19/05/2025;VR.DEB.C/C CTA CEMIG N/MES;338,23;0,00
Energia Eletrica;25/06/2025;VR.DEB.C/C CTA CEMIG N/MES;1646,78;0,00
Energia Eletrica;25/06/2025;VR.DEB.C/C CTA CEMIG N/MES;335,75;0,00
Energia Eletrica;25/06/2025;VR.DEB.C/C CTA CEMIG N/MES;124,23;0,00
Energia Eletrica;17/07/2025;VR.DEB.C/C CTA CEMIG N/MES;783,17;0,00
Energia Eletrica;17/07/2025;VR.DEB.C/C CTA CEMIG N/MES;221,90;0,00
Energia Eletrica;17/07/2025;VR.DEB.C/C CTA CEMIG N/MES;149,28;0,00
Despesas com transporte e entrega;09/01/2025;VR. DEB. C/C REF. REEMBOLSO UBER ENTREGADA DOCUMENTOS;53,49;0,00
Despesas com transporte e entrega;04/02/2025;VR. DEB. C/C REF. REEMBOLSO TRANSPORTE;30,95;0,00
Despesas com transporte e entrega;04/02/2025;VR. DEB. C/C REF.REEMBOLSO TRANSPORTE;17,98;0,00
Despesas com transporte e entrega;11/02/2025;VR. DEB. C/C REF. REEMBOLSO TRANSPORTE;83,94;0,00
Despesas com transporte e entrega;07/03/2025;VR. DEB. C/C REF. UBER ESCRITORIO ADEC E COMPRA DE TINTAS;78,52;0,00
Despesas com transporte e entrega;07/04/2025;VR. DEB. C/C REF. REEMBOLSO UBER - CAIXA EC.;36,07;0,00
Despesas com transporte e entrega;09/04/2025;VR. DEB. C/C REF. 99POP;35,90;0,00
Despesas com transporte e entrega;09/04/2025;VR. DEB. C/C REF. UBER- ENVIO DOCS;14,23;0,00
Despesas com transporte e entrega;29/04/2025;VR. DEB. C/C REF.REEMBOLSO UBER NSF;54,99;0,00
Despesas com transporte e entrega;10/06/2025;VR. DEB. C/C REF. UBER - ENVIO DE DOCUMENTOS;17,03;0,00
Despesas com transporte e entrega;20/06/2025;VR. DEB. C/C REF.UBER E 99POP;42,29;0,00
Despesas com transporte e entrega;25/07/2025;VR. DEB. C/C REF. ADMISSÃO FUNC - CARLOS ALMEIDA;239,00;0,00
Telefone/Internet;27/01/2025;VR.DEB.C/C TELEFONE VIVO;90,62;0,00
Telefone/Internet;25/02/2025;VR.DEB.C/C TELEFONE;90,62;0,00
Telefone/Internet;25/03/2025;VR.DEB.C/C TELEFONE;90,62;0,00
Telefone/Internet;25/04/2025;VR.DEB.C/C TELEFONE VIVO;90,62;0,00
Telefone/Internet;23/05/2025;VR.DEB.C/C TELEFONE;90,62;0,00
Telefone/Internet;25/06/2025;VR.DEB.C/C TELEFONE;90,62;0,00
Telefone/Internet;28/07/2025;VR.DEB.C/C TELEFONE;90,62;0,00
Despesas c/Chaveiro;13/01/2025;VR. DEB. C/C REF. JOAO CARLOS MARIA - ME NF: 584;176,00;0,00
Seguros;24/01/2025;VR. DEB. C/C REF. TOKIO MARINE SEGURADORA S A;529,67;0,00
Seguros;26/02/2025;VR. DEB. C/C REF. TOKKIO MARINE SEGURADORA S A;529,60;0,00
Seguros;31/03/2025;VR. DEB. C/C REF.SEGURO MOTO;809,17;0,00
Despesas com Assembleia;28/03/2025;VR.DEB.C/C.REF.PAGTO. CARTORIO DE REGISTRO DE TITULOS E DOCUMENTOS E CIVIL DAS PESSOAS JURIDICAS DE JABOTICATUBAS-MG;471,96;0,00
Despesas com Assembleia;04/04/2025;VR. DEB. C/C REF.CONFECÇÃO ATA;300,00;0,00
Despesas com Assembleia;04/04/2025;VR. DEB. C/C REF.REEMBOLSO DESLOCAMENTO;273,60;0,00
Fretes e Carretos;08/01/2025;VR. DEB. C/C REF.MOBILIADORA JOSE MARINHO DA PAZ - CIPO MOVEIS;40,00;0,00
Fretes e Carretos;13/01/2025;VR. DEB. C/C REF.FRETE MINAS TEXTURAS LEONARDO RANGEL AMARAL GONCALVES LTDA NF 310;20,00;0,00
Fretes e Carretos;15/01/2025;VR. DEB. C/C REF.FRANCISCO GOMES;300,00;0,00
Fretes e Carretos;20/01/2025;VR. DEB. C/C REF. FABIANA B. CARNEIRO - CARRETO SANTA CRUZ;200,00;0,00
Fretes e Carretos;22/01/2025;VR. DEB. C/C REF.FRETE MERCADO LIVRE;14,90;0,00
Fretes e Carretos;30/01/2025;VR. DEB. C/C REF. FRETE MERCADO LIVRE;17,90;0,00
Fretes e Carretos;07/02/2025;VR. DEB. C/C REF. AXF MATERIAIS DE CONSTRUÇÃO LTDA NF 1240;35,00;0,00
Fretes e Carretos;10/02/2025;VR. DEB. C/C REF. CARRETO FABRITELHAS;180,00;0,00
Fretes e Carretos;17/02/2025;VR. DEB. C/C REF.CARRTO AXF NF 1249;35,00;0,00
Fretes e Carretos;17/02/2025;VR. DEB. C/C REF.CARRETO AXF NF 1255;35,00;0,00
Fretes e Carretos;20/02/2025;VR. DEB. C/C REF. CARRETO - AXF MATERIAIS DE CONSTRUÇÃO NF 1254;35,00;0,00
Fretes e Carretos;20/02/2025;VR. DEB. C/C REF. FRETE - SOUZA DAMIANI LTDA NF 336.981;18,57;0,00
Fretes e Carretos;21/02/2025;VR. DEB. C/C REF.FRETE CLORAFER COMERCIO DE FERROS E METAIS LTDA NF 3285;35,61;0,00
Fretes e Carretos;24/02/2025;VR. DEB. C/C REF.ALMEIDA ACABAMENTOS FRETE;35,00;0,00
Fretes e Carretos;26/02/2025;VR. DEB. C/C REF. LOC JABO;80,00;0,00
Fretes e Carretos;26/02/2025;VR. DEB. C/C REF. ALMEIDA ACABAMENTOS FRETE;6,46;0,00
Fretes e Carretos;05/03/2025;VR. DEB. C/C REF.CARRETO AXF NF 1271;70,00;0,00
Fretes e Carretos;11/03/2025;VR. DEB. C/C REF. AXF CARRETO NF 1278;35,00;0,00
Fretes e Carretos;13/03/2025;VR. DEB. C/C REF.CARRETO FABRITELHAS;180,00;0,00
Fretes e Carretos;17/03/2025;VR. DEB. C/C REF. FRETE NEW POINT COMERCIO DE PRODUTOS (MERCADO LIVRE) NF 18.956;11,00;0,00
Fretes e Carretos;04/04/2025;VR. DEB. C/C REF. JMF COMERCIAL E SERVIÇOS LTDA NF 58.417 - FRETE;18,57;0,00
Fretes e Carretos;10/04/2025;VR. DEB. C/C REF. FRETE - MATERIAL HIDRAULICO;300,00;0,00
Material de divulgacao ;31/03/2025;VR. DEB. C/C REF.DANIELA SILVA NOG;100,00;0,00
Material Eletrico;22/01/2025;VR. DEB. C/C REF. MFL ACESSORIOS LTDA NF 2.798.198;25,80;0,00
Material Eletrico;29/01/2025;VR. DEB. C/C REF.GMC COMPONENTES ELETRICOS E NF 510.980;128,97;0,00
Material Eletrico;07/02/2025;VR. DEB. C/C REF. AXF MATERIAIS DE CONSTRUÇÃO LTDA NF 1240;297,60;0,00
Material Eletrico;11/03/2025;VR. DEB. C/C REF.CLICK REPAROS ATACADISTA (MERCADO LIVRE) NF 185.518;122,67;0,00
Material Eletrico;17/03/2025;VR. DEB. C/C REF.NEW POINT COMERCIO DE PRODUTOS (MERCADO LIVRE) NF 18.956;350,56;0,00
Material Eletrico;07/04/2025;VR. DEB. C/C REF. CASA VERMELHA TREM DE TUDO - COMPROVANTE DE VENDA 36671;92,60;0,00
Material Eletrico;18/06/2025;VR.DEB.C/C.REF.PAGTO VEREJO BLASKVICZ NF 129;208,00;0,00
Material Eletrico;24/07/2025;VR.DEB.C/C.REF.PAGTO VEREJO BLASKVICZ NF 131;35,00;0,00
Material de Escritorio/Toner/Manutenção Impressora;06/02/2025;VR. DEB. C/C REF. GARRA DISTRIBUIDORA;11,90;0,00
Material de Escritorio/Toner/Manutenção Impressora;14/03/2025;VR. DEB. C/C REF. SAO JOSE PAPELARIA E UTILIDADES;15,00;0,00
Material de Escritorio/Toner/Manutenção Impressora;24/03/2025;VR.DEB.C/C.REF.PAGTO VEREJO BLASKVICZ NF 123;20,00;0,00
Material de Escritorio/Toner/Manutenção Impressora;04/04/2025;VR. DEB. C/C REF. JMF COMERCIAL E SERVIÇOS LTDA NF 58.417;42,84;0,00
Material de Escritorio/Toner/Manutenção Impressora;25/04/2025;VR. DEB. C/C REF. SUPRY PONT INFORMATICA LTDA NF 944.485;382,61;0,00
Material de Escritorio/Toner/Manutenção Impressora;28/04/2025;VR. DEB. C/C REF. SAO JOSE PAPELARIA E UTILIDADES;17,00;0,00
Material de Escritorio/Toner/Manutenção Impressora;29/04/2025;VR.DEB.C/C.REF.PAGTO SUPERMERCADOS BH;23,90;0,00
Material de Escritorio/Toner/Manutenção Impressora;04/06/2025;VR. DEB. C/C REF. GARRA DISTRIBUIDORA;24,49;0,00
Encadernaçao de livros;21/02/2025;VR. DEB. C/C REF. DELL ART;260,00;0,00
Encadernaçao de livros;25/03/2025;VR. DEB. C/C REF.DELL ART;260,00;0,00
Bens de Reduzido Valor;07/02/2025;VR. DEB. C/C REF.AXF MATERIAIS DE CONSTRUÇÃO LTDA NF 1240;37,50;0,00
Bens de Reduzido Valor;28/05/2025;VR. DEB. C/C REF.COMERCIAL PENA E LOPES LTDA NF 497.733;319,00;0,00
Bens de Reduzido Valor;18/06/2025;VR.DEB.C/C.REF.PAGTO VEREJO BLASKVICZ NF 129 (LIMA);18,00;0,00
Bens de Reduzido Valor;20/06/2025;VR. DEB. C/C REF. MARCOS VALENTIM AMORIM NF 22.477 (ALICATE);65,99;0,00
Reforma Portaria;10/02/2025;VR. DEB. C/C REF.FABRITELHAS INDUSTRIA COMERCIO E SERVIÇOS LTDA NF 4815;797,24;0,00
Reforma Portaria;11/02/2025;VR. DEB. C/C REF.WARCIO ELERSON CORREA NF 807;1446,00;0,00
Reforma Portaria;14/02/2025;VR. DEB. C/C REF. PARCELA OBRA DCJ;2500,00;0,00
Reforma Portaria;17/02/2025;VR. DEB. C/C REF. AXF MATERIAIS DE CONSTRUÇÃO LTDA NF 1249;757,10;0,00
Reforma Portaria;17/02/2025;VR. DEB. C/C REF.AXF MATERIAIS DE CONSTRUÇÃO LTDA NF 1255;374,00;0,00
Reforma Portaria;18/02/2025;VR. DEB. C/C REF.XAVIER LOCAÇÕES;300,00;0,00
Reforma Portaria;20/02/2025;VR. DEB. C/C REF. FERRUM COMERCIO LTDA NF 6.000;407,16;0,00
Reforma Portaria;20/02/2025;VR. DEB. C/C REF. AXF MATERIAIS DE CONSTRUÇÃO NF 1254;191,90;0,00
Reforma Portaria;20/02/2025;VR. DEB. C/C REF. CRONOS DISTRIBUIDORA LTDA NF 14.121;153,80;0,00
Reforma Portaria;20/02/2025;VR. DEB. C/C REF.SOUZA DAMIANI LTDA NF 336.981;72,34;0,00
Reforma Portaria;21/02/2025;VR. DEB. C/C REF. DEIDNE BARBOSA FONSECA;1700,00;0,00
Reforma Portaria;21/02/2025;VR. DEB. C/C REF. CLORAFER COMERCIO DE FERROS E METAIS LTDA NF 3285;78,88;0,00
Reforma Portaria;24/02/2025;VR. DEB. C/C REF. ALMEIDA ACABAMENTOS;515,70;0,00
Reforma Portaria;26/02/2025;VR. DEB. C/C REF. REAL COMERCIO LTDA NF 30853;345,99;0,00
Reforma Portaria;26/02/2025;VR. DEB. C/C REF. ALMEIDA ACABAMENTOS;43,34;0,00
Reforma Portaria;28/02/2025;VR. DEB. C/C REF.PARCELA FINAL DCJ;7500,00;0,00
Reforma Portaria;28/02/2025;VR. DEB. C/C REF. ALMEIDA ACABAMENTOS;67,50;0,00
Material Hidraulico;07/02/2025;VR. DEB. C/C REF. AXF MATERIAIS DE CONSTRUÇÃO LTDA NF 1240;25,00;0,00
Material Hidraulico;07/04/2025;VR. DEB. C/C REF. AQUATUDO COMERCIAL LTDA NF 1599;1700,70;0,00
Material Hidraulico;22/04/2025;VR. DEB. C/C REF. AXF MATERIAIS DE CONSTRUÇÃO LTDA NF 1.320;118,95;0,00
Material Hidraulico;24/07/2025;VR.DEB.C/C.REF.PAGTO VEREJO BLASKVICZ NF 131;172,00;0,00
Material /Servico - Iluminação interna;23/05/2025;VR. DEB. C/C REF.VAGALUME ILUMINACAO PUBLICA LTDA NF 2025000000000231;4500,00;0,00
Conservação e Manutençao da Portaria;05/03/2025;VR. DEB. C/C REF. WEVERTON COSME - PINTURA PORTAO;900,00;0,00
Conservação e Manutençao da Portaria;06/03/2025;VR. DEB. C/C REF.JASON DIAS - VIDROS PORTARIA;1780,00;0,00
Conservação e Manutençao da Portaria;07/03/2025;VR. DEB. C/C REF.LEONARDO RANGEL (MINAS TEXTURAS) NF 327;151,90;0,00
Conservação e Manutençao da Portaria;10/03/2025;VR. DEB. C/C REF. WEVERTON COSME PINTURA PORTARIA 2/2;900,00;0,00
Conservação e Manutençao da Portaria;10/03/2025;VR. DEB. C/C REF. DEIDNE BARBOSA - NIVELAMENTO PISO PORTARIA;700,00;0,00
Conservação e Manutençao da Portaria;13/03/2025;VR. DEB. C/C REF. DEIDNE BARBOSA NIVELAMENTO DO PISO 2/2;400,00;0,00
Conservação e Manutençao da Portaria;17/04/2025;VR. DEB. C/C REF.REPARO ESTRUTURAL PORTARIA - DAIDNE BARBOSA;900,00;0,00
Conservação e Manutençao da Portaria;22/04/2025;VR. DEB. C/C REF. JASON DIAS - VIDROS PORTARIA;1095,00;0,00
Conservação e Manutençao da Portaria;22/04/2025;VR. DEB. C/C REF. REAL COMERCIO LTDA / LAGOA SANTA - NF 31517;203,31;0,00
Conservação e Manutençao da Portaria;02/05/2025;VR. DEB. C/C REF.CASSIA MARIA NFS-E 70;1980,00;0,00
Conservação e Manutençao da Portaria;12/05/2025;VR. DEB. C/C REF. MANUTENÇÃO PORTA DE VIDRO;450,00;0,00
Conservação e Manutençao da Portaria;12/05/2025;VR. DEB. C/C REF. WEVERTON COSME - PINTURA MEIO FIO;350,00;0,00
Material de Copa;22/04/2025;VR. DEB. C/C REF. IVAL COMERCIO S J ALMEIDA;39,80;0,00
Material de Copa;18/06/2025;VR.DEB.C/C.REF.PAGTO VEREJO BLASKVICZ NF 129;35,00;0,00
Vale Transporte;06/01/2025;VR.DEB.C/C VT;1468,80;0,00
Vale Transporte;05/02/2025;VR.DEB.C/C VT;1468,80;0,00
Vale Transporte;05/03/2025;VR.DEB.C/C VT;1169,60;0,00
Vale Transporte;01/04/2025;VR.DEB.C/C VT;1169,60;0,00
Vale Transporte;14/04/2025;VR.DEB.C/C VT;217,60;0,00
Vale Transporte;02/05/2025;VR.DEB.C/C VT;1251,20;0,00
Vale Transporte;13/05/2025;VR.DEB.C/C CONSORCIO OTIMO DOC. E PERIODICO - LUIS F.;50,00;0,00
Vale Transporte;13/05/2025;VR.DEB.C/C REEMBOLSO VT - EXAME PERIODICO - SANDRO;30,00;0,00
Vale Transporte;02/06/2025;VR.DEB.C/C VT;1251,20;0,00
Vale Transporte;01/07/2025;VR.DEB.C/C VT;1169,60;0,00
Vale Transporte;18/07/2025;VR.DEB.C/C VT - CARLOS ALMEIDA;163,20;0,00
Vale Transporte;23/07/2025;VR.DEB.C/C VT - EXAME PERIODICO ADILSON;46,15;0,00
Vale Transporte;28/07/2025;VR.DEB.C/C VT. CARLOS ALMEIDA - EXAME ADM;30,00;0,00
Uniformes;24/03/2025;VR.DEB.C/C.REF.PAGTO VEREJO BLASKVICZ NF 123;75,00;0,00
Uniformes;28/04/2025;VR. DEB. C/C REF. MARIANA GABRIELA RODRIGUES NF 4.801;435,00;0,00
Cartao Alimentacao\Cesta Basica\Cesta Natal;07/01/2025;VR.DEB.C/C CIA BRASILEIRA SOLUCOES E SERVICOS REF.CARTAO ALIMENTACAO;1853,76;0,00
Cartao Alimentacao\Cesta Basica\Cesta Natal;05/02/2025;VR.DEB.C/C CIA BRASILEIRA SOLUCOES E SERVICOS REF.CARTAO ALIMENTACAO;1853,76;0,00
Cartao Alimentacao\Cesta Basica\Cesta Natal;05/03/2025;VR.DEB.C/C CIA BRASILEIRA SOLUCOES E SERVICOS REF.CARTAO ALIMENTACAO;1856,22;0,00
Cartao Alimentacao\Cesta Basica\Cesta Natal;07/04/2025;VR.DEB.C/C CIA BRASILEIRA SOLUCOES E SERVICOS REF.CARTAO ALIMENTACAO;1856,22;0,00
Cartao Alimentacao\Cesta Basica\Cesta Natal;07/05/2025;VR.DEB.C/C CIA BRASILEIRA SOLUCOES E SERVICOS REF.CARTAO ALIMENTACAO;1856,22;0,00
Cartao Alimentacao\Cesta Basica\Cesta Natal;06/06/2025;VR.DEB.C/C CIA BRASILEIRA SOLUCOES E SERVICOS REF.CARTAO ALIMENTACAO;1856,22;0,00
Cartao Alimentacao\Cesta Basica\Cesta Natal;04/07/2025;VR.DEB.C/C CIA BRASILEIRA SOLUCOES E SERVICOS REF.CARTAO ALIMENTACAO;1546,85;0,00
Cartao Alimentacao\Cesta Basica\Cesta Natal;18/07/2025;VR.DEB.C/C CIA BRASILEIRA SOLUCOES E SERVICOS REF.CARTAO ALIMENTACAO - CARLOS ALMEIDA;110,00;0,00
Assistencia Familiar e  Funeral Sindeac PAF;10/01/2025;VR.DEB.C/C.REF.PAGTO. SINDEAC PAF;690,20;0,00
Assistencia Familiar e  Funeral Sindeac PAF;10/02/2025;VR.DEB.C/C.REF.PAGTO. SINDEAC PAF;690,20;0,00
Assistencia Familiar e  Funeral Sindeac PAF;10/03/2025;VR.DEB.C/C.REF.PAGTO. SINDEAC PAF;690,20;0,00
Assistencia Familiar e  Funeral Sindeac PAF;10/04/2025;VR.DEB.C/C.REF.PAGTO. SINDEAC PAF;690,20;0,00
Assistencia Familiar e  Funeral Sindeac PAF;09/05/2025;VR.DEB.C/C.REF.PAGTO. SINDEAC PAF;690,20;0,00
Assistencia Familiar e  Funeral Sindeac PAF;10/06/2025;VR.DEB.C/C.REF.PAGTO. SINDEAC PAF;690,20;0,00
Assistencia Familiar e  Funeral Sindeac PAF;10/07/2025;VR.DEB.C/C.REF.PAGTO. SINDEAC PAF;591,60;0,00
Consultoria em Medicina do Trabalho;27/01/2025;VR.DEB.C/C MASTER CONSULTORIOS E CONSULTORIA MED;120,00;0,00
Consultoria em Medicina do Trabalho;27/02/2025;VR.DEB.C/C MASTER CONSULTORIOS E CONSULTORIA MED;120,00;0,00
Consultoria em Medicina do Trabalho;25/03/2025;VR.DEB.C/C MASTER CONSULTORIOS E CONSULTORIA MED;120,00;0,00
Consultoria em Medicina do Trabalho;28/04/2025;VR.DEB.C/C MASTER CONSULTORIOS E CONSULTORIA MED;120,00;0,00
Consultoria em Medicina do Trabalho;27/05/2025;VR.DEB.C/C MASTER CONSULTORIOS E CONSULTORIA MED;120,00;0,00
Consultoria em Medicina do Trabalho;25/06/2025;VR.DEB.C/C MASTER CONSULTORIOS E CONSULTORIA MED;120,00;0,00
Consultoria em Medicina do Trabalho;25/07/2025;VR.DEB.C/C MASTER CONSULTORIOS E CONSULTORIA MED;120,00;0,00
Rescisão;20/06/2025;VR. DEB. C/C REF. RESCISÃO FABIO FRANCA;3435,57;0,00
Rescisão;20/06/2025;VR. DEB. C/C REF. RESCISÃO FABIO FRANCA - DESLOCAMENTO P. RESCISAO;273,60;0,00
Rescisão;25/06/2025;VR. DEB. C/C REF.INSS E PIS RESCISORIO;659,18;0,00
Rescisão;25/06/2025;VR. DEB. C/C REF. FGTS RESCISORIO;155,11;0,00
Pro- Labore;02/01/2025;VR.DEB.C/C PRO-LABORE SINDICO;2000,00;0,00
Pro- Labore;04/02/2025;VR.DEB.C/C PRO-LABORE SINDICO;2000,00;0,00
Pro- Labore;05/03/2025;VR.DEB.C/C PRO-LABORE SINDICO;3000,00;0,00
Pro- Labore;01/04/2025;VR.DEB.C/C PRO-LABORE;3000,00;0,00
Pro- Labore;02/05/2025;VR.DEB.C/C PRO-LABORE SINDICO;3000,00;0,00
Pro- Labore;02/06/2025;VR.DEB.C/C PRO-LABORE;3000,00;0,00
Pro- Labore;01/07/2025;VR.DEB.C/C PRO-LABORE;3000,00;0,00
Sindeac PROFPS;10/01/2025;VR.DEB.C/C.REF.PAGTO SINDEAC PQM;84,00;0,00
Sindeac PROFPS;10/02/2025;VR.DEB.C/C.REF.PAGTO SINDEAC PQM;84,00;0,00
Sindeac PROFPS;10/03/2025;VR.DEB.C/C.REF.PAGTO SINDEAC PQM;84,00;0,00
Sindeac PROFPS;10/04/2025;VR.DEB.C/C.REF.PAGTO SINDEAC PQM PROFPS;84,00;0,00
Sindeac PROFPS;09/05/2025;VR.DEB.C/C.REF.PAGTO SINDEAC PQM;84,00;0,00
Sindeac PROFPS;10/06/2025;VR.DEB.C/C.REF.PAGTO SINDEAC PROFPS;84,00;0,00
Sindeac PROFPS;10/07/2025;VR.DEB.C/C.REF.PAGTO SINDEAC PROFPS;70,00;0,00
Servico de Suporte na Administracao;20/01/2025;VR. DEB. C/C REF. ERICK MATHEUS;219,01;0,00
Servico de Suporte na Administracao;02/05/2025;VR. DEB. C/C REF.SUBSTITUTO ADILSON;449,99;0,00
Servico de Suporte na Administracao;30/05/2025;VR. DEB. C/C REF. SUBS. FERIAS ADILSON;2021,51;0,00
Servico de Suporte na Administracao;23/06/2025;VR. DEB. C/C REF. ALAOR SUBS. DIA 21/06;223,58;0,00
Sistema de Ponto;15/01/2025;VR.DEB.C/C.REF. SISTEMA PONTO TANGERINO;71,92;0,00
Sistema de Ponto;17/02/2025;VR.DEB.C/C.REF. SISTEMA PONTO TANGERINO;71,92;0,00
Sistema de Ponto;17/03/2025;VR.DEB.C/C.REF. SISTEMA PONTO TANGERINO;71,92;0,00
Sistema de Ponto;15/04/2025;VR.DEB.C/C.REF. SISTEMA PONTO TANGERINO;71,92;0,00
Sistema de Ponto;15/05/2025;VR.DEB.C/C.REF. SISTEMA PONTO TANGERINO;71,92;0,00
Sistema de Ponto;16/06/2025;VR.DEB.C/C.REF. SISTEMA PONTO TANGERINO;71,92;0,00
Sistema de Ponto;15/07/2025;VR.DEB.C/C.REF. SISTEMA PONTO TANGERINO;71,92;0,00
Material de Segurança EPI;23/05/2025;VR.DEB.C/C.REF.PAGTO VEREJO BLASKVICZ 125;157,00;0,00
Material de Segurança EPI;18/06/2025;VR.DEB.C/C.REF.PAGTO VEREJO BLASKVICZ NF 129;90,00;0,00
IPTU;06/06/2025;VR. DEB. C/C REF. DAM IPTU - ESPAÇO GOURMET;601,18;0,00
IPVA;21/02/2025;VR. DEB. C/C REF. IPVA MOTO COND;111,84;0,00
IPVA;21/02/2025;VR. DEB. C/C REF. IPVA MOTO COND;80,80;0,00
IPVA;28/03/2025;VR. DEB. C/C REF.IPVA 2022;563,11;0,00
IPVA;28/03/2025;VR. DEB. C/C REF. IPVA 2021;310,63;0,00
IPVA;07/04/2025;VR. DEB. C/C REF.IPVA 2025 3/3;76,66;0,00
Taxa de Alvara;10/01/2025;VR. DEB. C/C REF. ALVARA DE FUNCIONAMENTO E LOCALIDADE;436,80;0,00
Tarifas Bancarias;31/01/2025;VR.DEB.C/C TARIFAS BANCARIAS CF EXTRATO;1046,25;0,00
Tarifas Bancarias;28/02/2025;VR.DEB.C/C TARIFAS BANCARIAS CF EXTRATO;1023,78;0,00
Tarifas Bancarias;31/03/2025;VR.DEB.C/C TARIFAS BANCARIAS CF EXTRATO;981,97;0,00
Tarifas Bancarias;30/04/2025;VR.DEB.C/C TARIFAS BANCARIAS CF EXTRATO;1024,85;0,00
Tarifas Bancarias;30/05/2025;VR.DEB.C/C TARIFAS BANCARIAS CF EXTRATO;956,15;0,00
Tarifas Bancarias;30/06/2025;VR.DEB.C/C TARIFAS BANCARIAS CF EXTRATO;917,82;0,00
Tarifas Bancarias;31/07/2025;VR.DEB.C/C TARIFAS BANCARIAS CF EXTRATO;950,54;0,00
IOF/IRRF;31/01/2025;VR.DEB.C/C.REF.RESTAGE CDB;8,81;0,00
IOF/IRRF;28/02/2025;VR.DEB.APLICAÇÃO TARIFAS BANCARIAS CF EXTRATO;18,29;0,00
IOF/IRRF;31/03/2025;VR.DEB.C/C TARIFAS BANCARIAS CF EXTRATO;211,74;0,00
IOF/IRRF;30/04/2025;VR.DEB.C/C TARIFAS BANCARIAS CF EXTRATO;147,33;0,00
IOF/IRRF;30/05/2025;VR.DEB.C/C TARIFAS BANCARIAS CF EXTRATO;519,56;0,00
Taxa de Condominio;31/01/2025;VR.CRED.C/C MOV.COBRANÇA CF. EXTRATO;0,00;36080,00
Taxa de Condominio;28/02/2025;VR.CRED.C/C MOV.COBRANÇA CF. EXTRATO;0,00;33660,00
Taxa de Condominio;31/03/2025;VR.CRED.C/C MOV.COBRANÇA CF. EXTRATO;0,00;33660,00
Taxa de Condominio;30/04/2025;VR.CRED.C/C TAXA CONDOMINIAL CF. EXTRATO;0,00;37935,00
Taxa de Condominio;30/05/2025;VR.CRED.C/C MOV.COBRANÇA CF. EXTRATO;0,00;36190,00
Taxa de Condominio;30/06/2025;VR.CRED.C/C MOV.COBRANÇA CF. EXTRATO;0,00;34780,00
Taxa de Condominio;31/07/2025;VR.CRED.C/C MOV.COBRANÇA CF. EXTRATO;0,00;35485,00
Taxa Condominio Acordo administrativo;31/01/2025;VR.CRED.C/C RECEITA ACORDO CF.PLANILHA;0,00;4854,85
Taxa Condominio Acordo administrativo;28/02/2025;VR.CRED.C/C RECEITA ACORDO CF.PLANILHA;0,00;7423,78
Taxa Condominio Acordo administrativo;31/03/2025;VR.CRED.C/C RECEITA ACORDO CF.PLANILHA;0,00;6026,49
Taxa Condominio Acordo administrativo;30/04/2025;VR.CRED.C/C RECEITA ACORDO CF.PLANILHA;0,00;4160,26
Taxa Condominio Acordo administrativo;30/05/2025;VR.CRED.C/C RECEITA ACORDO CF.PLANILHA;0,00;6013,49
Taxa Condominio Acordo administrativo;30/06/2025;VR.CRED.C/C RECEITA ACORDO CF.PLANILHA;0,00;7178,23
Taxa Condominio Acordo administrativo;31/07/2025;VR.CRED.C/C RECEITA ACORDO CF.PLANILHA;0,00;5467,67
Taxa de instalacao de hidrometro;30/04/2025;VR. CRED. C/C REF. TAXA DE HIDROMETRO;0,00;1715,00
Taxa Consumo de Agua;31/01/2025;VR. CRED. C/C REF. TAXA DE AGUA;0,00;1766,55
Taxa Consumo de Agua;28/02/2025;VR. CRED. C/C REF. TAXA DE AGUA;0,00;1522,16
Taxa Consumo de Agua;31/03/2025;VR. CRED. C/C REF. TAXA DE AGUA;0,00;2516,02
Taxa Consumo de Agua;30/04/2025;VR. CRED. C/C REF. TAXA DE AGUA;0,00;2181,33
Taxa Consumo de Agua;30/05/2025;VR. CRED. C/C REF. TAXA DE AGUA;0,00;1932,69
Taxa Consumo de Agua;30/06/2025;VR. CRED. C/C REF. TAXA DE AGUA;0,00;1727,38
Taxa Consumo de Agua;31/07/2025;VR. CRED. C/C REF. TAXA DE AGUA;0,00;2044,57
Taxa Controle de Acesso;31/01/2025;VR.CRED.C/C RECEITA CONTROLE DE ACESSO;0,00;40,00
Taxa Controle de Acesso;30/04/2025;VR.CRED.C/C RECEITA CONTROLE DE ACESSO;0,00;40,00
Taxa Controle de Acesso;30/06/2025;VR.CRED.C/C.REF.PAGTO. CONTROLE DE ACESSO;0,00;40,00
Taxa Controle de Acesso;31/07/2025;VR.CRED.C/C RECEITA CONTROLE DE ACESSO;0,00;120,00
Taxa Espaço Gourmet;31/01/2025;VR.CRED.C/C RECEITA RESERVA ESPAÇO GOURMET;0,00;300,00
Taxa Espaço Gourmet;30/05/2025;VR.CRED.C/C RECEITA LOCAÇÃO CF.PLANILHA;0,00;300,00
Taxa Espaço Gourmet;30/06/2025;VR.CRED.C/C.REF.PAGTO. RESERVA ESPAÇO GOURMET;0,00;300,00
Receita Reembolso Mercado Livre;18/03/2025;REEMBOLSO COMPRAS MERCADO LIVRE;0,00;560,96
Receita Reembolso Mercado Livre;16/07/2025;VR. CRED. C/C REEMBOLSO ALICATE MERCADO LIVRE;0,00;65,99
Receitas de Aplicacoes Financeiras;31/01/2025;VR.CRED.C/C REND.APLICAÇAO FINANCEIRA CF EXTRATO;0,00;907,44
Receitas de Aplicacoes Financeiras;28/02/2025;VR.CRED.C/C REND.APLICAÇAO FINANCEIRA CF EXTRATO;0,00;847,79
Receitas de Aplicacoes Financeiras;31/03/2025;VR.CRED.C/C REND.APLICAÇAO FINANCEIRA CF EXTRATO;0,00;724,66
Receitas de Aplicacoes Financeiras;30/04/2025;VR.CRED.C/C REND.APLICAÇAO FINANCEIRA CF EXTRATO;0,00;733,92
Receitas de Aplicacoes Financeiras;30/05/2025;VR.CRED.C/C REND.APLICAÇAO FINANCEIRA CF EXTRATO;0,00;755,32
Receitas de Aplicacoes Financeiras;30/06/2025;VR.CRED.C/C REND.APLICAÇAO FINANCEIRA CF EXTRATO;0,00;728,51
Receitas de Aplicacoes Financeiras;31/07/2025;VR.CRED.C/C REND.APLICAÇAO FINANCEIRA CF EXTRATO;0,00;859,47
Multa e Juros;31/01/2025;VR.CRED.C/C.REF.PAGTO. JUROS E MULTA;0,00;97,53
Multa e Juros;28/02/2025;VR.CRED.C/C.REF.PAGTO. JUROS E MULTA;0,00;125,78
Multa e Juros;31/03/2025;VR.CRED.C/C.REF.PAGTO. JUROS E MULTA;0,00;86,89
Multa e Juros;30/04/2025;VR.CRED.C/C.REF.PAGTO. JUROS E MULTA;0,00;158,32
Multa e Juros;30/05/2025;VR.CRED.C/C.REF.PAGTO. JUROS E MULTA;0,00;103,80
Multa e Juros;30/06/2025;VR.CRED.C/C.REF.PAGTO. JUROS E MULTA;0,00;97,30
Multa e Juros;31/07/2025;VR.CRED.C/C.REF.PAGTO. JUROS E MULTA;0,00;115,13
