ContaCurto;ContaNome;Data;Historico;Debito;Credito;SaldoAnterior;Saldo
90;Caixa Síndico;16/06/2025;VR. DEB. C/C REF.DESPESAS COM COMBUSTIVEL;70;0;0;-70
90;Caixa Síndico;05/07/2025;VR. DEB. C/C REF.ABASTECIMENTO;0;70;0;0
113;Caixa Econômica Federal ;02/01/2025;VR.DEB.C/C PRO-LABORE SINDICO;0;2000;-15825,16;-13825,16
113;Caixa Econômica Federal ;06/01/2025;VR. DEB. C/C REF. MULTICAZ COMERCIO VAREJISTA LTDA NF 34.229 / IBITEXENXOVAIS LTDA NF 417.672;0;190,87;-15825,16;-13634,29
113;Caixa Econômica Federal ;06/01/2025;VR. DEB. C/C REF.JOSE MARINHO DA PAZ NF 42;0;438;-15825,16;-13196,29
113;Caixa Econômica Federal ;06/01/2025;VR.DEB.C/C VT;0;1468,8;-15825,16;-11727,49
113;Caixa Econômica Federal ;06/01/2025;VR.DEB.C/C REF.PAGTO.SALARIOS N/MES;0;13208,75;-15825,16;1481,26
113;Caixa Econômica Federal ;07/01/2025;VR. DEB. C/C REF.GARRA DISTRIBUIDORA NF 5324;0;59,43;-15825,16;1540,69
113;Caixa Econômica Federal ;07/01/2025;VR. DEB. C/C REF. CARVALHO ENGENHARIA LTDA;0;120;-15825,16;1660,69
113;Caixa Econômica Federal ;07/01/2025;VR.DEB.C/C.REF.PAGTO SUPERMERCADO APOIO MINEIRO;0;144,04;-15825,16;1804,73
113;Caixa Econômica Federal ;07/01/2025;VR.DEB.C/C CIA BRASILEIRA SOLUCOES E SERVICOS REF.CARTAO ALIMENTACAO;0;1853,76;-15825,16;3658,49
113;Caixa Econômica Federal ;07/01/2025;VR.DEB.C/C HONORARIOS CONTABEIS N/MES;0;2596;-15825,16;6254,49
113;Caixa Econômica Federal ;08/01/2025;VR. DEB. C/C REF.MOBILIADORA JOSE MARINHO DA PAZ - CIPO MOVEIS;0;40;-15825,16;6294,49
113;Caixa Econômica Federal ;08/01/2025;VR. DEB. C/C REF. PETRO SERRA AUTO POSTO LTDA;0;82,88;-15825,16;6377,37
113;Caixa Econômica Federal ;08/01/2025;VR.DEB.C/C FGTS MES 13/2024;0;543,54;-15825,16;6920,91
113;Caixa Econômica Federal ;08/01/2025;VR.DEB.C/C REF.FERIAS DE WESLEY ADRIANO;0;2483,84;-15825,16;9404,75
113;Caixa Econômica Federal ;09/01/2025;VR. DEB. C/C REF. REEMBOLSO UBER ENTREGADA DOCUMENTOS;0;53,49;-15825,16;9458,24
113;Caixa Econômica Federal ;09/01/2025;VR. DEB. C/C REF.CORREIO;0;73,2;-15825,16;9531,44
113;Caixa Econômica Federal ;09/01/2025;VR.DEB.C/C RECEITA ACORDO CF.PLANILHA;0;336,86;-15825,16;9868,3
113;Caixa Econômica Federal ;10/01/2025;VR.DEB.C/C.REF.PAGTO SINDEAC PQM;0;84;-15825,16;9952,3
113;Caixa Econômica Federal ;10/01/2025;VR. DEB. C/C REF. SANTO POSTO LAGOA SANTA - COMERCIO DE COMBUSTIVEIS LTDA;0;100;-15825,16;10052,3
113;Caixa Econômica Federal ;10/01/2025;VR. DEB. C/C REF. ALVARA DE FUNCIONAMENTO E LOCALIDADE;0;436,8;-15825,16;10489,1
113;Caixa Econômica Federal ;10/01/2025;VR.DEB.C/C.REF.PAGTO. SINDEAC PAF;0;690,2;-15825,16;11179,3
113;Caixa Econômica Federal ;13/01/2025;VR. DEB. C/C REF.FRETE MINAS TEXTURAS LEONARDO RANGEL AMARAL GONCALVES LTDA NF 310;0;20;-15825,16;11199,3
113;Caixa Econômica Federal ;13/01/2025;VR. DEB. C/C REF. JOAO CARLOS MARIA - ME NF: 584;0;176;-15825,16;11375,3
113;Caixa Econômica Federal ;13/01/2025;VR. DEB. C/C REF. MINAS TEXTURAS / LEONARDO RANGEL AMARAL GONCALVES LTDA NF 310;0;824,9;-15825,16;12200,2
113;Caixa Econômica Federal ;14/01/2025;VR.DEB.C/C FGTS MES;0;1221,94;-15825,16;13422,14
113;Caixa Econômica Federal ;15/01/2025;VR.DEB.C/C.REF. SISTEMA PONTO TANGERINO;0;71,92;-15825,16;13494,06
113;Caixa Econômica Federal ;15/01/2025;VR. DEB. C/C REF.FRANCISCO GOMES;0;300;-15825,16;13794,06
113;Caixa Econômica Federal ;16/01/2025;VR. DEB. C/C REF. REPARO DANO ESTRUTURAL MURO - WEVERTON COSME 1/2;0;900;-15825,16;14694,06
113;Caixa Econômica Federal ;17/01/2025;VR.DEB.C/C CTA CEMIG N/MES;0;166,34;-15825,16;14860,4
113;Caixa Econômica Federal ;17/01/2025;VR.DEB.C/C CTA CEMIG N/MES;0;452,5;-15825,16;15312,9
113;Caixa Econômica Federal ;17/01/2025;VR. DEB. C/C REF. MINAS TEXTUAS LEONARDO RANGEL AMARAL GONCALVES LTDA NF 321;0;472,45;-15825,16;15785,35
113;Caixa Econômica Federal ;17/01/2025;VR.DEB.C/C CTA CEMIG N/MES;0;2600,22;-15825,16;18385,57
113;Caixa Econômica Federal ;20/01/2025;VR.DESC.IRRF S/SALARIOS N/MES.;0;20,75;-15825,16;18406,32
113;Caixa Econômica Federal ;20/01/2025;VR.DEB.C/C PIS S/FOLHA PAGATO.;0;152,75;-15825,16;18559,07
113;Caixa Econômica Federal ;20/01/2025;VR. DEB. C/C REF. FABIANA B. CARNEIRO - CARRETO SANTA CRUZ;0;200;-15825,16;18759,07
113;Caixa Econômica Federal ;20/01/2025;VR. DEB. C/C REF. ERICK MATHEUS;0;219,01;-15825,16;18978,08
113;Caixa Econômica Federal ;20/01/2025;VR.DEB.C/C REF.PAGATO.INSS;0;5175,71;-15825,16;24153,79
113;Caixa Econômica Federal ;21/01/2025;VR. DEB. C/C REF. REPARO DANO ESTRUTURAL MURO - WEVERTON COSME 2/2;0;900;-15825,16;25053,79
113;Caixa Econômica Federal ;22/01/2025;VR. DEB. C/C REF.FRETE MERCADO LIVRE;0;14,9;-15825,16;25068,69
113;Caixa Econômica Federal ;22/01/2025;VR. DEB. C/C REF. MFL ACESSORIOS LTDA NF 2.798.198;0;25,8;-15825,16;25094,49
113;Caixa Econômica Federal ;24/01/2025;VR. DEB. C/C REF. TOKIO MARINE SEGURADORA S A;0;529,67;-15825,16;25624,16
113;Caixa Econômica Federal ;27/01/2025;VR.DEB.C/C TELEFONE VIVO;0;90,62;-15825,16;25714,78
113;Caixa Econômica Federal ;27/01/2025;VR.DEB.C/C MASTER CONSULTORIOS E CONSULTORIA MED;0;120;-15825,16;25834,78
113;Caixa Econômica Federal ;27/01/2025;VR. DEB. C/C REF. PAGTO GROUP COM;0;340,85;-15825,16;26175,63
113;Caixa Econômica Federal ;27/01/2025;VR. DEB. C/C REF. AXF MATERIAIS DE CONSTRUÇÃO LTDA NF 1.220;0;357,5;-15825,16;26533,13
113;Caixa Econômica Federal ;29/01/2025;VR. DEB. C/C REF.GMC COMPONENTES ELETRICOS E NF 510.980;0;128,97;-15825,16;26662,1
113;Caixa Econômica Federal ;30/01/2025;VR. DEB. C/C REF. FRETE MERCADO LIVRE;0;17,9;-15825,16;26680
113;Caixa Econômica Federal ;30/01/2025;VR. DEB. C/C REF. DJ DE OLIVEIRA DISTRIBUIDORA NF 102.257;0;70,44;-15825,16;26750,44
113;Caixa Econômica Federal ;30/01/2025;VR. DEB. C/C REF. MEU PRATA SUPERMERCADOS EIRELI;0;177,9;-15825,16;26928,34
113;Caixa Econômica Federal ;31/01/2025;VR.CRED.C/C MOV.COBRANÇA CF. EXTRATO;36080;0;-15825,16;-9151,66
113;Caixa Econômica Federal ;31/01/2025;VR.CRED.C/C RECEITA ACORDO CF.PLANILHA;5768,57;0;-15825,16;-14920,23
113;Caixa Econômica Federal ;31/01/2025;VR.CRED.C/C.REF.RESTAGE CDB;1838,52;0;-15825,16;-16758,75
113;Caixa Econômica Federal ;31/01/2025;VR. CRED. C/C REF. TAXA DE AGUA;1766,55;0;-15825,16;-18525,3
113;Caixa Econômica Federal ;31/01/2025;VR.CRED.C/C RECEITA RESERVA ESPAÇO GOURMET;300;0;-15825,16;-18825,3
113;Caixa Econômica Federal ;31/01/2025;VR.CRED.C/C.REF.PAGTO. JUROS E MULTA;97,53;0;-15825,16;-18922,83
113;Caixa Econômica Federal ;31/01/2025;VR.CRED.C/C RECEITA CONTROLE DE ACESSO;40;0;-15825,16;-18962,83
113;Caixa Econômica Federal ;31/01/2025;VR.DEB.C/C RECEITA ACORDO CF.PLANILHA;0;576,86;-15825,16;-18385,97
113;Caixa Econômica Federal ;31/01/2025;VR.DEB.C/C TARIFAS BANCARIAS CF EXTRATO;0;1046,25;-15825,16;-17339,72
113;Caixa Econômica Federal ;03/02/2025;VR. DEB. C/C REF.EMBRASIL COMERCIO E IMPORTAÇÃO LTDA;0;51,6;-15825,16;-17288,12
113;Caixa Econômica Federal ;03/02/2025;VR.DEB.C/C REF.FERIAS HUDSON;0;3311,89;-15825,16;-13976,23
113;Caixa Econômica Federal ;04/02/2025;VR. DEB. C/C REF.REEMBOLSO TRANSPORTE;0;17,98;-15825,16;-13958,25
113;Caixa Econômica Federal ;04/02/2025;VR. DEB. C/C REF. REEMBOLSO TRANSPORTE;0;30,95;-15825,16;-13927,3
113;Caixa Econômica Federal ;04/02/2025;VR.DEB.C/C PRO-LABORE SINDICO;0;2000;-15825,16;-11927,3
113;Caixa Econômica Federal ;04/02/2025;VR.DEB.C/C HONORARIOS CONTABEIS N/MES;0;2790,7;-15825,16;-9136,6
113;Caixa Econômica Federal ;05/02/2025;VR.CRED.C/C.REF.RESTAGE CDB;2751,68;0;-15825,16;-11888,28
113;Caixa Econômica Federal ;05/02/2025;VR.DEB.C/C VT;0;1468,8;-15825,16;-10419,48
113;Caixa Econômica Federal ;05/02/2025;VR.DEB.C/C CIA BRASILEIRA SOLUCOES E SERVICOS REF.CARTAO ALIMENTACAO;0;1853,76;-15825,16;-8565,72
113;Caixa Econômica Federal ;05/02/2025;VR.DEB.C/C REF.PAGTO.SALARIOS N/MES;0;11406,19;-15825,16;2840,47
113;Caixa Econômica Federal ;06/02/2025;VR. DEB. C/C REF. GARRA DISTRIBUIDORA;0;11,9;-15825,16;2852,37
113;Caixa Econômica Federal ;06/02/2025;VR.DEB.C/C.REF.PAGTO SUPERMERCADO APOIO MINEIRO;0;50,87;-15825,16;2903,24
113;Caixa Econômica Federal ;06/02/2025;VR. DEB. C/C REF.GARRA DISTRIBUIDORA;0;83,34;-15825,16;2986,58
113;Caixa Econômica Federal ;07/02/2025;VR.CRED.C/C.REF.RESTAGE CDB;180,33;0;-15825,16;2806,25
113;Caixa Econômica Federal ;07/02/2025;VR. DEB. C/C REF. AXF MATERIAIS DE CONSTRUÇÃO LTDA NF 1240;0;25;-15825,16;2831,25
113;Caixa Econômica Federal ;07/02/2025;VR. DEB. C/C REF. AXF MATERIAIS DE CONSTRUÇÃO LTDA NF 1240;0;33,9;-15825,16;2865,15
113;Caixa Econômica Federal ;07/02/2025;VR. DEB. C/C REF. AXF MATERIAIS DE CONSTRUÇÃO LTDA NF 1240;0;35;-15825,16;2900,15
113;Caixa Econômica Federal ;07/02/2025;VR. DEB. C/C REF.AXF MATERIAIS DE CONSTRUÇÃO LTDA NF 1240;0;37,5;-15825,16;2937,65
113;Caixa Econômica Federal ;07/02/2025;VR. DEB. C/C REF. AXF MATERIAIS DE CONSTRUÇÃO LTDA NF 1240;0;297,6;-15825,16;3235,25
113;Caixa Econômica Federal ;07/02/2025;VR. DEB. C/C REF.MEGGA MOTOS OS 11252;0;445;-15825,16;3680,25
113;Caixa Econômica Federal ;07/02/2025;VR.DEB.C/C FGTS MES;0;1268,22;-15825,16;4948,47
113;Caixa Econômica Federal ;10/02/2025;VR.DEB.C/C.REF.PAGTO SINDEAC PQM;0;84;-15825,16;5032,47
113;Caixa Econômica Federal ;10/02/2025;VR. DEB. C/C REF. CARRETO FABRITELHAS;0;180;-15825,16;5212,47
113;Caixa Econômica Federal ;10/02/2025;VR.DEB.C/C.REF.PAGTO. SINDEAC PAF;0;690,2;-15825,16;5902,67
113;Caixa Econômica Federal ;10/02/2025;VR. DEB. C/C REF.FABRITELHAS INDUSTRIA COMERCIO E SERVIÇOS LTDA NF 4815;0;797,24;-15825,16;6699,91
113;Caixa Econômica Federal ;11/02/2025;VR. DEB. C/C REF. ABASTECIMENTO MOTO COND. REEMBOLSO WESLLEY;0;80,21;-15825,16;6780,12
113;Caixa Econômica Federal ;11/02/2025;VR. DEB. C/C REF. REEMBOLSO TRANSPORTE;0;83,94;-15825,16;6864,06
113;Caixa Econômica Federal ;11/02/2025;VR. DEB. C/C REF.WARCIO ELERSON CORREA NF 807;0;1446;-15825,16;8310,06
113;Caixa Econômica Federal ;14/02/2025;VR. DEB. C/C REF. AXF MATERIAIS DE CONSTRUÇÃO ALMEIDA ACABAMENTOS NF 1248;0;66;-15825,16;8376,06
113;Caixa Econômica Federal ;14/02/2025;VR. DEB. C/C REF. MEGGA MOTOS OS11367;0;198;-15825,16;8574,06
113;Caixa Econômica Federal ;14/02/2025;VR. DEB. C/C REF.ALMOCO DCJ;0;259;-15825,16;8833,06
113;Caixa Econômica Federal ;14/02/2025;VR.DEB.C/C CTA CEMIG N/MES;0;331,25;-15825,16;9164,31
113;Caixa Econômica Federal ;14/02/2025;VR.DEB.C/C CTA CEMIG N/MES;0;1615,21;-15825,16;10779,52
113;Caixa Econômica Federal ;14/02/2025;VR. DEB. C/C REF. PARCELA OBRA DCJ;0;2500;-15825,16;13279,52
113;Caixa Econômica Federal ;17/02/2025;VR. DEB. C/C REF.CARRTO AXF NF 1249;0;35;-15825,16;13314,52
113;Caixa Econômica Federal ;17/02/2025;VR. DEB. C/C REF.CARRETO AXF NF 1255;0;35;-15825,16;13349,52
113;Caixa Econômica Federal ;17/02/2025;VR.DEB.C/C.REF. SISTEMA PONTO TANGERINO;0;71,92;-15825,16;13421,44
113;Caixa Econômica Federal ;17/02/2025;VR. DEB. C/C REF.AXF MATERIAIS DE CONSTRUÇÃO LTDA NF 1255;0;374;-15825,16;13795,44
113;Caixa Econômica Federal ;17/02/2025;VR. DEB. C/C REF. REAL COMERCIO LTDA NF 113308;0;420,86;-15825,16;14216,3
113;Caixa Econômica Federal ;17/02/2025;VR. DEB. C/C REF. AXF MATERIAIS DE CONSTRUÇÃO LTDA NF 1249;0;757,1;-15825,16;14973,4
113;Caixa Econômica Federal ;18/02/2025;VR. DEB. C/C REF.XAVIER LOCAÇÕES;0;300;-15825,16;15273,4
113;Caixa Econômica Federal ;19/02/2025;VR.DESC.IRRF S/SALARIOS N/MES.;0;93,23;-15825,16;15366,63
113;Caixa Econômica Federal ;19/02/2025;VR.DEB.C/C PIS S/FOLHA PAGATO.;0;158,53;-15825,16;15525,16
113;Caixa Econômica Federal ;19/02/2025;VR.DEB.C/C REF.PAGATO.INSS;0;5365,92;-15825,16;20891,08
113;Caixa Econômica Federal ;20/02/2025;VR. DEB. C/C REF. FRETE - SOUZA DAMIANI LTDA NF 336.981;0;18,57;-15825,16;20909,65
113;Caixa Econômica Federal ;20/02/2025;VR. DEB. C/C REF. CARRETO - AXF MATERIAIS DE CONSTRUÇÃO NF 1254;0;35;-15825,16;20944,65
113;Caixa Econômica Federal ;20/02/2025;VR. DEB. C/C REF.SOUZA DAMIANI LTDA NF 336.981;0;72,34;-15825,16;21016,99
113;Caixa Econômica Federal ;20/02/2025;VR. DEB. C/C REF. CRONOS DISTRIBUIDORA LTDA NF 14.121;0;153,8;-15825,16;21170,79
113;Caixa Econômica Federal ;20/02/2025;VR. DEB. C/C REF. AXF MATERIAIS DE CONSTRUÇÃO NF 1254;0;191,9;-15825,16;21362,69
113;Caixa Econômica Federal ;20/02/2025;VR. DEB. C/C REF. FERRUM COMERCIO LTDA NF 6.000;0;407,16;-15825,16;21769,85
113;Caixa Econômica Federal ;21/02/2025;VR. DEB. C/C REF.FRETE CLORAFER COMERCIO DE FERROS E METAIS LTDA NF 3285;0;35,61;-15825,16;21805,46
113;Caixa Econômica Federal ;21/02/2025;VR. DEB. C/C REF. CLORAFER COMERCIO DE FERROS E METAIS LTDA NF 3285;0;78,88;-15825,16;21884,34
113;Caixa Econômica Federal ;21/02/2025;VR. DEB. C/C REF. IPVA MOTO COND;0;80,8;-15825,16;21965,14
113;Caixa Econômica Federal ;21/02/2025;VR. DEB. C/C REF. IPVA MOTO COND;0;111,84;-15825,16;22076,98
113;Caixa Econômica Federal ;21/02/2025;VR. DEB. C/C REF. DELL ART;0;260;-15825,16;22336,98
113;Caixa Econômica Federal ;21/02/2025;VR. DEB. C/C REF. DEIDNE BARBOSA FONSECA;0;1700;-15825,16;24036,98
113;Caixa Econômica Federal ;24/02/2025;VR. DEB. C/C REF.ALMEIDA ACABAMENTOS FRETE;0;35;-15825,16;24071,98
113;Caixa Econômica Federal ;24/02/2025;VR. DEB. C/C REF. LERROY MERLIN;0;42,78;-15825,16;24114,76
113;Caixa Econômica Federal ;24/02/2025;VR. DEB. C/C REF. POSTO ATP LTDA;0;98,35;-15825,16;24213,11
113;Caixa Econômica Federal ;24/02/2025;VR. DEB. C/C REF. LOCAMONTE FL-116776;0;235;-15825,16;24448,11
113;Caixa Econômica Federal ;24/02/2025;VR. DEB. C/C REF. ALMEIDA ACABAMENTOS;0;515,7;-15825,16;24963,81
113;Caixa Econômica Federal ;25/02/2025;VR. DEB. C/C REF.REEMBOLSO WESLLEY ABASTECIMENTO MOTO COND;0;34,99;-15825,16;24998,8
113;Caixa Econômica Federal ;25/02/2025;VR.DEB.C/C TELEFONE;0;90,62;-15825,16;25089,42
113;Caixa Econômica Federal ;25/02/2025;VR. DEB. C/C REF. PAGTO COND21 GROUP SOFTWARE;0;340,85;-15825,16;25430,27
113;Caixa Econômica Federal ;26/02/2025;VR. DEB. C/C REF. ALMEIDA ACABAMENTOS FRETE;0;6,46;-15825,16;25436,73
113;Caixa Econômica Federal ;26/02/2025;VR. DEB. C/C REF. ALMEIDA ACABAMENTOS;0;43,34;-15825,16;25480,07
113;Caixa Econômica Federal ;26/02/2025;VR. DEB. C/C REF. REEMBOLSO WESLLEY COMBUSTIVEL;0;60;-15825,16;25540,07
113;Caixa Econômica Federal ;26/02/2025;VR. DEB. C/C REF. LOC JABO;0;80;-15825,16;25620,07
113;Caixa Econômica Federal ;26/02/2025;VR. DEB. C/C REF. LOC JABO;0;100;-15825,16;25720,07
113;Caixa Econômica Federal ;26/02/2025;VR. DEB. C/C REF. REAL COMERCIO LTDA NF 30853;0;345,99;-15825,16;26066,06
113;Caixa Econômica Federal ;26/02/2025;VR. DEB. C/C REF. TOKKIO MARINE SEGURADORA S A;0;529,6;-15825,16;26595,66
113;Caixa Econômica Federal ;27/02/2025;VR.DEB.C/C MASTER CONSULTORIOS E CONSULTORIA MED;0;120;-15825,16;26715,66
113;Caixa Econômica Federal ;28/02/2025;VR.CRED.C/C MOV.COBRANÇA CF. EXTRATO;33660;0;-15825,16;-6944,34
113;Caixa Econômica Federal ;28/02/2025;VR.CRED.C/C RECEITA ACORDO CF.PLANILHA;8248,64;0;-15825,16;-15192,98
113;Caixa Econômica Federal ;28/02/2025;VR. CRED. C/C REF. TAXA DE AGUA;1522,16;0;-15825,16;-16715,14
113;Caixa Econômica Federal ;28/02/2025;VR.CRED.C/C.REF.PAGTO. JUROS E MULTA;125,78;0;-15825,16;-16840,92
113;Caixa Econômica Federal ;28/02/2025;VR. DEB. C/C REF. ALMEIDA ACABAMENTOS;0;67,5;-15825,16;-16773,42
113;Caixa Econômica Federal ;28/02/2025;VR. DEB. C/C REF. ALIMENTACAO DCJ;0;259;-15825,16;-16514,42
113;Caixa Econômica Federal ;28/02/2025;VR. DEB. C/C REF.LOCAMONTE FL-116883;0;300;-15825,16;-16214,42
113;Caixa Econômica Federal ;28/02/2025;VR.DEB.C/C RECEITA ACORDO CF.PLANILHA;0;824,86;-15825,16;-15389,56
113;Caixa Econômica Federal ;28/02/2025;VR.DEB.C/C TARIFAS BANCARIAS CF EXTRATO;0;1023,78;-15825,16;-14365,78
113;Caixa Econômica Federal ;28/02/2025;VR.DEB.C/C REF.FERIAS LUIS F;0;3242,24;-15825,16;-11123,54
113;Caixa Econômica Federal ;28/02/2025;VR. DEB. C/C REF.PARCELA FINAL DCJ;0;7500;-15825,16;-3623,54
113;Caixa Econômica Federal ;05/03/2025;VR.CRED.C/C.REF.RESTAGE CDB;18958,07;0;-15825,16;-22581,61
113;Caixa Econômica Federal ;05/03/2025;VR. DEB. C/C REF.CARRETO AXF NF 1271;0;70;-15825,16;-22511,61
113;Caixa Econômica Federal ;05/03/2025;VR.DEB.C/C.REF.PAGTO SUPERMERCADOS BH;0;194,66;-15825,16;-22316,95
113;Caixa Econômica Federal ;05/03/2025;VR. DEB. C/C REF. WEVERTON COSME - PINTURA PORTAO;0;900;-15825,16;-21416,95
113;Caixa Econômica Federal ;05/03/2025;VR. DEB. C/C REF.AXF MATERIAIS DE CONSTRUÇÃO LTDA NF 1271;0;1158,6;-15825,16;-20258,35
113;Caixa Econômica Federal ;05/03/2025;VR.DEB.C/C VT;0;1169,6;-15825,16;-19088,75
113;Caixa Econômica Federal ;05/03/2025;VR.DEB.C/C CIA BRASILEIRA SOLUCOES E SERVICOS REF.CARTAO ALIMENTACAO;0;1856,22;-15825,16;-17232,53
113;Caixa Econômica Federal ;05/03/2025;VR.DEB.C/C HONORARIOS CONTABEIS N/MES;0;2790,7;-15825,16;-14441,83
113;Caixa Econômica Federal ;05/03/2025;VR.DEB.C/C PRO-LABORE SINDICO;0;3000;-15825,16;-11441,83
113;Caixa Econômica Federal ;05/03/2025;VR.DEB.C/C REF.PAGTO.SALARIOS N/MES;0;11399,06;-15825,16;-42,77
113;Caixa Econômica Federal ;06/03/2025;VR.CRED.C/C.REF.RESTAGE CDB;202,32;0;-15825,16;-245,09
113;Caixa Econômica Federal ;06/03/2025;VR. DEB. C/C REF.JASON DIAS - VIDROS PORTARIA;0;1780;-15825,16;1534,91
113;Caixa Econômica Federal ;07/03/2025;VR. DEB. C/C REF. UBER ESCRITORIO ADEC E COMPRA DE TINTAS;0;78,52;-15825,16;1613,43
113;Caixa Econômica Federal ;07/03/2025;VR. DEB. C/C REF.LEONARDO RANGEL (MINAS TEXTURAS) NF 327;0;151,9;-15825,16;1765,33
113;Caixa Econômica Federal ;10/03/2025;VR. DEB. C/C REF. CASA VERMELHA TREM DE TUDO, N. 35840;0;45,5;-15825,16;1810,83
113;Caixa Econômica Federal ;10/03/2025;VR.DEB.C/C.REF.PAGTO SINDEAC PQM;0;84;-15825,16;1894,83
113;Caixa Econômica Federal ;10/03/2025;VR.DEB.C/C.REF.PAGTO. SINDEAC PAF;0;690,2;-15825,16;2585,03
113;Caixa Econômica Federal ;10/03/2025;VR. DEB. C/C REF. DEIDNE BARBOSA - NIVELAMENTO PISO PORTARIA;0;700;-15825,16;3285,03
113;Caixa Econômica Federal ;10/03/2025;VR. DEB. C/C REF. WEVERTON COSME PINTURA PORTARIA 2/2;0;900;-15825,16;4185,03
113;Caixa Econômica Federal ;11/03/2025;VR.CRED.C/C.REF.RESTAGE CDB;1909,16;0;-15825,16;2275,87
113;Caixa Econômica Federal ;11/03/2025;VR. DEB. C/C REF. AXF CARRETO NF 1278;0;35;-15825,16;2310,87
113;Caixa Econômica Federal ;11/03/2025;VR.DESC.IRRF S/SALARIOS N/MES.;0;80,12;-15825,16;2390,99
113;Caixa Econômica Federal ;11/03/2025;VR. DEB. C/C REF.CLICK REPAROS ATACADISTA (MERCADO LIVRE) NF 185.518;0;122,67;-15825,16;2513,66
113;Caixa Econômica Federal ;11/03/2025;VR.DEB.C/C PIS S/FOLHA PAGATO.;0;167,31;-15825,16;2680,97
113;Caixa Econômica Federal ;11/03/2025;VR. DEB. C/C REF. ADEC ENTREGA LIVROS CONTABEIS 2019/2020/2021/2022/2023/2024;0;273,6;-15825,16;2954,57
113;Caixa Econômica Federal ;11/03/2025;VR. DEB. C/C REF.AXF MATERIAS DE CONSTRUÇÃO LTDA NF 1278;0;429;-15825,16;3383,57
113;Caixa Econômica Federal ;11/03/2025;VR.DEB.C/C FGTS MES;0;1338,48;-15825,16;4722,05
113;Caixa Econômica Federal ;11/03/2025;VR.DEB.C/C REF.PAGATO.INSS;0;5674,45;-15825,16;10396,5
113;Caixa Econômica Federal ;12/03/2025;VR. DEB. C/C REF. FABRITELHAS INDUSTRIA COMERCIO E SERVIÇOS LTDA NF 5.158;0;2842,08;-15825,16;13238,58
113;Caixa Econômica Federal ;13/03/2025;VR. DEB. C/C REF.CARRETO FABRITELHAS;0;180;-15825,16;13418,58
113;Caixa Econômica Federal ;13/03/2025;VR. DEB. C/C REF. DEIDNE BARBOSA NIVELAMENTO DO PISO 2/2;0;400;-15825,16;13818,58
113;Caixa Econômica Federal ;14/03/2025;VR. DEB. C/C REF. SAO JOSE PAPELARIA E UTILIDADES;0;15;-15825,16;13833,58
113;Caixa Econômica Federal ;17/03/2025;VR. DEB. C/C REF. FRETE NEW POINT COMERCIO DE PRODUTOS (MERCADO LIVRE) NF 18.956;0;11;-15825,16;13844,58
113;Caixa Econômica Federal ;17/03/2025;VR.DEB.C/C.REF. SISTEMA PONTO TANGERINO;0;71,92;-15825,16;13916,5
113;Caixa Econômica Federal ;17/03/2025;VR.DEB.C/C CTA CEMIG N/MES;0;107,77;-15825,16;14024,27
113;Caixa Econômica Federal ;17/03/2025;VR.DEB.C/C CTA CEMIG N/MES;0;331,42;-15825,16;14355,69
113;Caixa Econômica Federal ;17/03/2025;VR. DEB. C/C REF.NEW POINT COMERCIO DE PRODUTOS (MERCADO LIVRE) NF 18.956;0;350,56;-15825,16;14706,25
113;Caixa Econômica Federal ;17/03/2025;VR.DEB.C/C CTA CEMIG N/MES;0;1411,86;-15825,16;16118,11
113;Caixa Econômica Federal ;18/03/2025;REEMBOLSO COMPRAS MERCADO LIVRE;560,96;0;-15825,16;15557,15
113;Caixa Econômica Federal ;18/03/2025;VR. DEB. C/C REF.REEMBOLSO WESLLEY ABASTECIMENTO;0;80;-15825,16;15637,15
113;Caixa Econômica Federal ;21/03/2025;VR. DEB. C/C REF.ABASTECIMENTO;0;120;-15825,16;15757,15
113;Caixa Econômica Federal ;21/03/2025;VR. DEB. C/C REF. APLICAÇÃO;0;23000;-15825,16;38757,15
113;Caixa Econômica Federal ;24/03/2025;VR.DEB.C/C.REF.PAGTO VEREJO BLASKVICZ NF 123;0;20;-15825,16;38777,15
113;Caixa Econômica Federal ;24/03/2025;VR. DEB. C/C REF. EMPORIO TREVO;0;21;-15825,16;38798,15
113;Caixa Econômica Federal ;24/03/2025;VR.DEB.C/C.REF.PAGTO VEREJO BLASKVICZ NF 123;0;31;-15825,16;38829,15
113;Caixa Econômica Federal ;24/03/2025;VR.DEB.C/C.REF.PAGTO SUPERMERCADOS BH;0;51,78;-15825,16;38880,93
113;Caixa Econômica Federal ;24/03/2025;VR. DEB. C/C REF. COMERCIAL SERRA DO CIPO;0;59,67;-15825,16;38940,6
113;Caixa Econômica Federal ;24/03/2025;VR.DEB.C/C.REF.PAGTO VEREJO BLASKVICZ NF 123;0;75;-15825,16;39015,6
113;Caixa Econômica Federal ;25/03/2025;VR.DEB.C/C TELEFONE;0;90,62;-15825,16;39106,22
113;Caixa Econômica Federal ;25/03/2025;VR.DEB.C/C MASTER CONSULTORIOS E CONSULTORIA MED;0;120;-15825,16;39226,22
113;Caixa Econômica Federal ;25/03/2025;VR. DEB. C/C REF.DELL ART;0;260;-15825,16;39486,22
113;Caixa Econômica Federal ;25/03/2025;VR. DEB. C/C REF. PAGTO COND21;0;340,85;-15825,16;39827,07
113;Caixa Econômica Federal ;27/03/2025;VR.CRED.C/C.REF.RESTAGE CDB;1052,06;0;-15825,16;38775,01
113;Caixa Econômica Federal ;27/03/2025;VR.DEB.C/C.REF.PAGTO MEGGA MOTOS OS 11618;0;200;-15825,16;38975,01
113;Caixa Econômica Federal ;27/03/2025;VR.DEB.C/C REF.FERIAS SANDRO ALVES;0;2659,63;-15825,16;41634,64
113;Caixa Econômica Federal ;28/03/2025;VR.CRED.C/C.REF.RESTAGE CDB;1055,05;0;-15825,16;40579,59
113;Caixa Econômica Federal ;28/03/2025;VR. DEB. C/C REF. IPVA 2021;0;310,63;-15825,16;40890,22
113;Caixa Econômica Federal ;28/03/2025;VR.DEB.C/C.REF.PAGTO. CARTORIO DE REGISTRO DE TITULOS E DOCUMENTOS E CIVIL DAS PESSOAS JURIDICAS DE JABOTICATUBAS-MG;0;471,96;-15825,16;41362,18
113;Caixa Econômica Federal ;28/03/2025;VR. DEB. C/C REF.IPVA 2022;0;563,11;-15825,16;41925,29
113;Caixa Econômica Federal ;31/03/2025;VR.CRED.C/C MOV.COBRANÇA CF. EXTRATO;33660;0;-15825,16;8265,29
113;Caixa Econômica Federal ;31/03/2025;VR.CRED.C/C RECEITA ACORDO CF.PLANILHA;6628,05;0;-15825,16;1637,24
113;Caixa Econômica Federal ;31/03/2025;VR.CRED.C/C.REF.RESTAGE CDB SEGURO MOTO;3684,47;0;-15825,16;-2047,23
113;Caixa Econômica Federal ;31/03/2025;VR. CRED. C/C REF. TAXA DE AGUA;2516,02;0;-15825,16;-4563,25
113;Caixa Econômica Federal ;31/03/2025;VR.CRED.C/C.REF.PAGTO. JUROS E MULTA;86,89;0;-15825,16;-4650,14
113;Caixa Econômica Federal ;31/03/2025;VR. DEB. C/C REF.DANIELA SILVA NOG;0;100;-15825,16;-4550,14
113;Caixa Econômica Federal ;31/03/2025;VR.DEB.C/C.REF.PAGTO SUPERMERCADO APOIO MINEIRO;0;157,44;-15825,16;-4392,7
113;Caixa Econômica Federal ;31/03/2025;VR.DEB.C/C RECEITA ACORDO CF.PLANILHA;0;601,56;-15825,16;-3791,14
113;Caixa Econômica Federal ;31/03/2025;VR. DEB. C/C REF.SEGURO MOTO;0;809,17;-15825,16;-2981,97
113;Caixa Econômica Federal ;31/03/2025;VR.DEB.C/C TARIFAS BANCARIAS CF EXTRATO;0;981,97;-15825,16;-2000
113;Caixa Econômica Federal ;31/03/2025;VR. DEB. C/C REF. PH SERRALHEIRO N. 6;0;2000;-15825,16;0
113;Caixa Econômica Federal ;01/04/2025;VR.CRED.C/C.REF.RESTAGE CDB;15679,31;0;-15825,16;-15679,31
113;Caixa Econômica Federal ;01/04/2025;VR.DEB.C/C VT;0;1169,6;-15825,16;-14509,71
113;Caixa Econômica Federal ;01/04/2025;VR.DEB.C/C PRO-LABORE;0;3000;-15825,16;-11509,71
113;Caixa Econômica Federal ;01/04/2025;VR.DEB.C/C REF.PAGTO.SALARIOS N/MES;0;11501,21;-15825,16;-8,5
113;Caixa Econômica Federal ;04/04/2025;VR. DEB. C/C REF. JMF COMERCIAL E SERVIÇOS LTDA NF 58.417 - FRETE;0;18,57;-15825,16;10,07
113;Caixa Econômica Federal ;04/04/2025;VR. DEB. C/C REF. JMF COMERCIAL E SERVIÇOS LTDA NF 58.417;0;42,84;-15825,16;52,91
113;Caixa Econômica Federal ;04/04/2025;VR. DEB. C/C REF.REEMBOLSO DESLOCAMENTO;0;273,6;-15825,16;326,51
113;Caixa Econômica Federal ;04/04/2025;VR. DEB. C/C REF.CONFECÇÃO ATA;0;300;-15825,16;626,51
113;Caixa Econômica Federal ;04/04/2025;VR.DEB.C/C HONORARIOS CONTABEIS N/MES;0;2790,7;-15825,16;3417,21
113;Caixa Econômica Federal ;07/04/2025;VR.CRED.C/C.REF.RESTAGE CDB;904,6;0;-15825,16;2512,61
113;Caixa Econômica Federal ;07/04/2025;VR. DEB. C/C REF. REEMBOLSO UBER - CAIXA EC.;0;36,07;-15825,16;2548,68
113;Caixa Econômica Federal ;07/04/2025;VR. DEB. C/C REF.IPVA 2025 3/3;0;76,66;-15825,16;2625,34
113;Caixa Econômica Federal ;07/04/2025;VR. DEB. C/C REF. CASA VERMELHA TREM DE TUDO - COMPROVANTE DE VENDA 36671;0;92,6;-15825,16;2717,94
113;Caixa Econômica Federal ;07/04/2025;VR. DEB. C/C REF. AQUATUDO COMERCIAL LTDA NF 1599;0;1700,7;-15825,16;4418,64
113;Caixa Econômica Federal ;07/04/2025;VR.DEB.C/C CIA BRASILEIRA SOLUCOES E SERVICOS REF.CARTAO ALIMENTACAO;0;1856,22;-15825,16;6274,86
113;Caixa Econômica Federal ;08/04/2025;VR. DEB. C/C REF.SERVIÇOS ADM AMBIENTAIS - NSF-E 77 - Luciana da Silva;0;250;-15825,16;6524,86
113;Caixa Econômica Federal ;09/04/2025;VR. DEB. C/C REF. UBER- ENVIO DOCS;0;14,23;-15825,16;6539,09
113;Caixa Econômica Federal ;09/04/2025;VR. DEB. C/C REF. 99POP;0;35,9;-15825,16;6574,99
113;Caixa Econômica Federal ;09/04/2025;VR. DEB. C/C REF. Portão Eletronico Portaria - 1/4 - CASSIA MARIA NFS-E 69;0;3138,75;-15825,16;9713,74
113;Caixa Econômica Federal ;10/04/2025;VR.DEB.C/C.REF.PAGTO SINDEAC PQM PROFPS;0;84;-15825,16;9797,74
113;Caixa Econômica Federal ;10/04/2025;VR. DEB. C/C REF.REEMBOLSO WESLLEY;0;100;-15825,16;9897,74
113;Caixa Econômica Federal ;10/04/2025;VR. DEB. C/C REF. FRETE - MATERIAL HIDRAULICO;0;300;-15825,16;10197,74
113;Caixa Econômica Federal ;10/04/2025;VR.DEB.C/C.REF.PAGTO. SINDEAC PAF;0;690,2;-15825,16;10887,94
113;Caixa Econômica Federal ;14/04/2025;VR.DEB.C/C VT;0;217,6;-15825,16;11105,54
113;Caixa Econômica Federal ;14/04/2025;VR.DEB.C/C FGTS MES;0;1370,49;-15825,16;12476,03
113;Caixa Econômica Federal ;15/04/2025;VR.DEB.C/C.REF. SISTEMA PONTO TANGERINO;0;71,92;-15825,16;12547,95
113;Caixa Econômica Federal ;15/04/2025;VR. DEB. C/C REF.ABASTECIMENTO CARREFOUR;0;90;-15825,16;12637,95
113;Caixa Econômica Federal ;16/04/2025;VR.DEB.C/C PIS S/FOLHA PAGATO.;0;171,31;-15825,16;12809,26
113;Caixa Econômica Federal ;16/04/2025;VR.DEB.C/C REF.PAGATO.INSS;0;5816,74;-15825,16;18626
113;Caixa Econômica Federal ;17/04/2025;VR.DEB.C/C CTA CEMIG N/MES;0;200,81;-15825,16;18826,81
113;Caixa Econômica Federal ;17/04/2025;VR.DEB.C/C CTA CEMIG N/MES;0;421,16;-15825,16;19247,97
113;Caixa Econômica Federal ;17/04/2025;VR. DEB. C/C REF.REPARO ESTRUTURAL PORTARIA - DAIDNE BARBOSA;0;900;-15825,16;20147,97
113;Caixa Econômica Federal ;22/04/2025;VR. DEB. C/C REF. IVAL COMERCIO S J ALMEIDA;0;39,8;-15825,16;20187,77
113;Caixa Econômica Federal ;22/04/2025;VR. DEB. C/C REF. AXF MATERIAIS DE CONSTRUÇÃO LTDA NF 1.320;0;118,95;-15825,16;20306,72
113;Caixa Econômica Federal ;22/04/2025;VR. DEB. C/C REF. REAL COMERCIO LTDA / LAGOA SANTA - NF 31517;0;203,31;-15825,16;20510,03
113;Caixa Econômica Federal ;22/04/2025;VR. DEB. C/C REF. JASON DIAS - VIDROS PORTARIA;0;1095;-15825,16;21605,03
113;Caixa Econômica Federal ;25/04/2025;VR.DEB.C/C TELEFONE VIVO;0;90,62;-15825,16;21695,65
113;Caixa Econômica Federal ;25/04/2025;VR. DEB. C/C REF. PAGTO COND21 GROUP SOFTWARE;0;340,85;-15825,16;22036,5
113;Caixa Econômica Federal ;25/04/2025;VR. DEB. C/C REF. SUPRY PONT INFORMATICA LTDA NF 944.485;0;382,61;-15825,16;22419,11
113;Caixa Econômica Federal ;28/04/2025;VR. DEB. C/C REF. SAO JOSE PAPELARIA E UTILIDADES;0;17;-15825,16;22436,11
113;Caixa Econômica Federal ;28/04/2025;VR.DEB.C/C MASTER CONSULTORIOS E CONSULTORIA MED;0;120;-15825,16;22556,11
113;Caixa Econômica Federal ;28/04/2025;VR. DEB. C/C REF. MARIANA GABRIELA RODRIGUES NF 4.801;0;435;-15825,16;22991,11
113;Caixa Econômica Federal ;28/04/2025;VR.PAGTO. N/CH  REF. HUGO VERNEK XAVIER NF 20250000000000018 - CAÇAMBA;0;500;-15825,16;23491,11
113;Caixa Econômica Federal ;29/04/2025;VR.DEB.C/C.REF.PAGTO SUPERMERCADOS BH;0;23,9;-15825,16;23515,01
113;Caixa Econômica Federal ;29/04/2025;VR.DEB.C/C.REF.PAGTO SUPERMERCADOS BH;0;41,9;-15825,16;23556,91
113;Caixa Econômica Federal ;29/04/2025;VR. DEB. C/C REF.REEMBOLSO UBER NSF;0;54,99;-15825,16;23611,9
113;Caixa Econômica Federal ;29/04/2025;VR.DEB.C/C.REF.PAGTO SUPERMERCADOS BH;0;166,36;-15825,16;23778,26
113;Caixa Econômica Federal ;29/04/2025;VR.DEB.C/C REF.FERIAS ADILSON;0;2708,05;-15825,16;26486,31
113;Caixa Econômica Federal ;30/04/2025;VR.CRED.C/C TAXA CONDOMINIAL CF. EXTRATO;37935;0;-15825,16;-11448,69
113;Caixa Econômica Federal ;30/04/2025;VR.CRED.C/C RECEITA ACORDO CF.PLANILHA;4741,82;0;-15825,16;-16190,51
113;Caixa Econômica Federal ;30/04/2025;VR. CRED. C/C REF. TAXA DE AGUA;2181,33;0;-15825,16;-18371,84
113;Caixa Econômica Federal ;30/04/2025;VR. CRED. C/C REF. TAXA DE HIDROMETRO;1715;0;-15825,16;-20086,84
113;Caixa Econômica Federal ;30/04/2025;VR.CRED.C/C.REF.PAGTO. JUROS E MULTA;158,32;0;-15825,16;-20245,16
113;Caixa Econômica Federal ;30/04/2025;VR.CRED.C/C RECEITA CONTROLE DE ACESSO;40;0;-15825,16;-20285,16
113;Caixa Econômica Federal ;30/04/2025;VR.DEB.C/C RECEITA ACORDO - HONORARIO;0;581,56;-15825,16;-19703,6
113;Caixa Econômica Federal ;30/04/2025;VR.DEB.C/C TARIFAS BANCARIAS CF EXTRATO;0;1024,85;-15825,16;-18678,75
113;Caixa Econômica Federal ;02/05/2025;VR. DEB. C/C REF. REEMBOLSO WESLLEY COMBUSTIVEL - MOTO COND.;0;111,37;-15825,16;-18567,38
113;Caixa Econômica Federal ;02/05/2025;VR. DEB. C/C REF.SUBSTITUTO ADILSON;0;449,99;-15825,16;-18117,39
113;Caixa Econômica Federal ;02/05/2025;VR.DEB.C/C VT;0;1251,2;-15825,16;-16866,19
113;Caixa Econômica Federal ;02/05/2025;VR. DEB. C/C REF.CASSIA MARIA NFS-E 70;0;1980;-15825,16;-14886,19
113;Caixa Econômica Federal ;02/05/2025;VR.DEB.C/C PRO-LABORE SINDICO;0;3000;-15825,16;-11886,19
113;Caixa Econômica Federal ;02/05/2025;VR.DEB.C/C REF.PAGTO.SALARIOS N/MES;0;11737,75;-15825,16;-148,44
113;Caixa Econômica Federal ;05/05/2025;VR.CRED.C/C.REF.RESTAGE CDB;4500,25;0;-15825,16;-4648,69
113;Caixa Econômica Federal ;05/05/2025;VR.DEB.C/C HONORARIOS CONTABEIS N/MES;0;2790,7;-15825,16;-1857,99
113;Caixa Econômica Federal ;05/05/2025;VR. DEB. C/C REF.Portão Eletronico Portaria - 2/4 - CASSIA MARIA;0;3138,75;-15825,16;1280,76
113;Caixa Econômica Federal ;06/05/2025;VR. DEB. C/C REF.REEMBOLSO COMBUSTIVEL;0;50;-15825,16;1330,76
113;Caixa Econômica Federal ;07/05/2025;VR.DEB.C/C CIA BRASILEIRA SOLUCOES E SERVICOS REF.CARTAO ALIMENTACAO;0;1856,22;-15825,16;3186,98
113;Caixa Econômica Federal ;08/05/2025;VR. DEB. C/C REF. GARRA COMERCIO LTDA NF 5606;0;48,8;-15825,16;3235,78
113;Caixa Econômica Federal ;08/05/2025;VR. DEB. C/C REF.ADIANTAMENTO SALARIO WESLLEY;0;400;-15825,16;3635,78
113;Caixa Econômica Federal ;08/05/2025;VR. DEB. C/C REF. ADIANTAMENTO SALARIO WESLLEY;0;600;-15825,16;4235,78
113;Caixa Econômica Federal ;09/05/2025;VR.DEB.C/C.REF.PAGTO SINDEAC PQM;0;84;-15825,16;4319,78
113;Caixa Econômica Federal ;09/05/2025;VR.DEB.C/C.REF.PAGTO SUPERMERCADO APOIO MINEIRO;0;259,21;-15825,16;4578,99
113;Caixa Econômica Federal ;09/05/2025;VR.DEB.C/C.REF.PAGTO. SINDEAC PAF;0;690,2;-15825,16;5269,19
113;Caixa Econômica Federal ;12/05/2025;VR. DEB. C/C REF. WEVERTON COSME - PINTURA MEIO FIO;0;350;-15825,16;5619,19
113;Caixa Econômica Federal ;12/05/2025;VR. DEB. C/C REF. MANUTENÇÃO PORTA DE VIDRO;0;450;-15825,16;6069,19
113;Caixa Econômica Federal ;13/05/2025;VR.DEB.C/C REEMBOLSO VT - EXAME PERIODICO - SANDRO;0;30;-15825,16;6099,19
113;Caixa Econômica Federal ;13/05/2025;VR.DEB.C/C CONSORCIO OTIMO DOC. E PERIODICO - LUIS F.;0;50;-15825,16;6149,19
113;Caixa Econômica Federal ;15/05/2025;VR. DEB. C/C REF.ALMEIDA ACABAMENTOS;0;66,54;-15825,16;6215,73
113;Caixa Econômica Federal ;15/05/2025;VR.DEB.C/C.REF. SISTEMA PONTO TANGERINO;0;71,92;-15825,16;6287,65
113;Caixa Econômica Federal ;19/05/2025;VR.DEB.C/C CTA CEMIG N/MES;0;338,23;-15825,16;6625,88
113;Caixa Econômica Federal ;19/05/2025;VR.DEB.C/C CTA CEMIG N/MES;0;1674,37;-15825,16;8300,25
113;Caixa Econômica Federal ;20/05/2025;VR.DEB.C/C PIS S/FOLHA PAGATO.;0;165,2;-15825,16;8465,45
113;Caixa Econômica Federal ;20/05/2025;VR.DEB.C/C FGTS MES;0;1321,59;-15825,16;9787,04
113;Caixa Econômica Federal ;20/05/2025;VR.DEB.C/C REF.PAGATO.INSS;0;5589,38;-15825,16;15376,42
113;Caixa Econômica Federal ;23/05/2025;VR.DEB.C/C.REF.PAGTO VEREJO BLASKVICZ NF 25;0;11;-15825,16;15387,42
113;Caixa Econômica Federal ;23/05/2025;VR.DEB.C/C TELEFONE;0;90,62;-15825,16;15478,04
113;Caixa Econômica Federal ;23/05/2025;VR.DEB.C/C.REF.PAGTO VEREJO BLASKVICZ 125;0;157;-15825,16;15635,04
113;Caixa Econômica Federal ;23/05/2025;VR. DEB. C/C REF.VAGALUME ILUMINACAO PUBLICA LTDA NF 2025000000000231;0;4500;-15825,16;20135,04
113;Caixa Econômica Federal ;26/05/2025;VR. DEB. C/C REF. REEMBOLSO ABASTECIMENTO;0;50;-15825,16;20185,04
113;Caixa Econômica Federal ;26/05/2025;VR.DEB.C/C.REF.PAGTO SUPERMERCADOS BH;0;172,38;-15825,16;20357,42
113;Caixa Econômica Federal ;26/05/2025;VR. DEB. C/C REF. PAGTO COND21 GROUP SOFTWARE;0;391,02;-15825,16;20748,44
113;Caixa Econômica Federal ;27/05/2025;VR.DEB.C/C MASTER CONSULTORIOS E CONSULTORIA MED;0;120;-15825,16;20868,44
113;Caixa Econômica Federal ;28/05/2025;VR. DEB. C/C REF. MEGGA MOTOS OS. 11849;0;50;-15825,16;20918,44
113;Caixa Econômica Federal ;28/05/2025;VR. DEB. C/C REF.COMERCIAL PENA E LOPES LTDA NF 497.733;0;319;-15825,16;21237,44
113;Caixa Econômica Federal ;29/05/2025;VR. DEB. C/C REF. REEMBOLSO ABASTECIMENTO MOTO COND.;0;80;-15825,16;21317,44
113;Caixa Econômica Federal ;30/05/2025;VR.CRED.C/C MOV.COBRANÇA CF. EXTRATO;36190;0;-15825,16;-14872,56
113;Caixa Econômica Federal ;30/05/2025;VR.CRED.C/C RECEITA ACORDO CF.PLANILHA;6717,05;0;-15825,16;-21589,61
113;Caixa Econômica Federal ;30/05/2025;VR. CRED. C/C REF. TAXA DE AGUA;1932,69;0;-15825,16;-23522,3
113;Caixa Econômica Federal ;30/05/2025;VR.CRED.C/C RECEITA LOCAÇÃO CF.PLANILHA;300;0;-15825,16;-23822,3
113;Caixa Econômica Federal ;30/05/2025;VR.CRED.C/C.REF.PAGTO. JUROS E MULTA;103,8;0;-15825,16;-23926,1
113;Caixa Econômica Federal ;30/05/2025;VR.DEB.C/C RECEITA ACORDO CF.PLANILHA;0;703,56;-15825,16;-23222,54
113;Caixa Econômica Federal ;30/05/2025;VR.DEB.C/C TARIFAS BANCARIAS CF EXTRATO;0;956,15;-15825,16;-22266,39
113;Caixa Econômica Federal ;30/05/2025;VR. DEB. C/C REF. SUBS. FERIAS ADILSON;0;2021,51;-15825,16;-20244,88
113;Caixa Econômica Federal ;02/06/2025;VR.DEB.C/C VT;0;1251,2;-15825,16;-18993,68
113;Caixa Econômica Federal ;02/06/2025;VR.DEB.C/C HONORARIOS CONTABEIS N/MES;0;2790,7;-15825,16;-16202,98
113;Caixa Econômica Federal ;02/06/2025;VR.DEB.C/C PRO-LABORE;0;3000;-15825,16;-13202,98
113;Caixa Econômica Federal ;02/06/2025;VR.DEB.C/C REF.PAGTO.SALARIOS N/MES;0;10649,11;-15825,16;-2553,87
113;Caixa Econômica Federal ;04/06/2025;VR. DEB. C/C REF. GARRA DISTRIBUIDORA;0;24,49;-15825,16;-2529,38
113;Caixa Econômica Federal ;04/06/2025;VR. DEB. C/C REF.VAREJO BLASKVICZ NF 127;0;860;-15825,16;-1669,38
113;Caixa Econômica Federal ;05/06/2025;VR. DEB. C/C REF. Portão Eletronico Portaria - 3/4 - CASSIA MARIA;0;3138,75;-15825,16;1469,37
113;Caixa Econômica Federal ;06/06/2025;VR. DEB. C/C REF. BRX COMERCIO DE MINERIOS E DECORACAO LTDA NF 3.666 E 3.667;0;278;-15825,16;1747,37
113;Caixa Econômica Federal ;06/06/2025;VR. DEB. C/C REF. DAM IPTU - ESPAÇO GOURMET;0;601,18;-15825,16;2348,55
113;Caixa Econômica Federal ;06/06/2025;VR.DEB.C/C CIA BRASILEIRA SOLUCOES E SERVICOS REF.CARTAO ALIMENTACAO;0;1856,22;-15825,16;4204,77
113;Caixa Econômica Federal ;10/06/2025;VR. DEB. C/C REF. UBER - ENVIO DE DOCUMENTOS;0;17,03;-15825,16;4221,8
113;Caixa Econômica Federal ;10/06/2025;VR.DEB.C/C.REF.PAGTO SINDEAC PROFPS;0;84;-15825,16;4305,8
113;Caixa Econômica Federal ;10/06/2025;VR.DEB.C/C.REF.PAGTO. SINDEAC PAF;0;690,2;-15825,16;4996
113;Caixa Econômica Federal ;16/06/2025;VR. DEB. C/C REF.DESPESAS COM COMBUSTIVEL;0;70;-15825,16;5066
113;Caixa Econômica Federal ;16/06/2025;VR.DEB.C/C.REF. SISTEMA PONTO TANGERINO;0;71,92;-15825,16;5137,92
113;Caixa Econômica Federal ;18/06/2025;VR.DEB.C/C.REF.PAGTO VEREJO BLASKVICZ NF 129 (LIMA);0;18;-15825,16;5155,92
113;Caixa Econômica Federal ;18/06/2025;VR.DEB.C/C.REF.PAGTO VEREJO BLASKVICZ NF 130;0;24;-15825,16;5179,92
113;Caixa Econômica Federal ;18/06/2025;VR.DEB.C/C.REF.PAGTO VEREJO BLASKVICZ NF 129;0;35;-15825,16;5214,92
113;Caixa Econômica Federal ;18/06/2025;VR.DEB.C/C.REF.PAGTO VEREJO BLASKVICZ NF 129;0;40,5;-15825,16;5255,42
113;Caixa Econômica Federal ;18/06/2025;VR.DEB.C/C.REF.PAGTO VEREJO BLASKVICZ NF 129;0;90;-15825,16;5345,42
113;Caixa Econômica Federal ;18/06/2025;VR.DEB.C/C.REF.PAGTO VEREJO BLASKVICZ NF 129;0;208;-15825,16;5553,42
113;Caixa Econômica Federal ;20/06/2025;VR. DEB. C/C REF.UBER E 99POP;0;42,29;-15825,16;5595,71
113;Caixa Econômica Federal ;20/06/2025;VR. DEB. C/C REF. MARCOS VALENTIM AMORIM NF 22.477 (ALICATE);0;65,99;-15825,16;5661,7
113;Caixa Econômica Federal ;20/06/2025;VR. DEB. C/C REF. RESCISÃO FABIO FRANCA - DESLOCAMENTO P. RESCISAO;0;273,6;-15825,16;5935,3
113;Caixa Econômica Federal ;20/06/2025;VR. DEB. C/C REF. ADIANTAMENTO ADILSON;0;300;-15825,16;6235,3
113;Caixa Econômica Federal ;20/06/2025;VR. DEB. C/C REF. RESCISÃO FABIO FRANCA;0;3435,57;-15825,16;9670,87
113;Caixa Econômica Federal ;23/06/2025;VR. DEB. C/C REF. ALAOR SUBS. DIA 21/06;0;223,58;-15825,16;9894,45
113;Caixa Econômica Federal ;25/06/2025;VR.DEB.C/C TELEFONE;0;90,62;-15825,16;9985,07
113;Caixa Econômica Federal ;25/06/2025;VR. DEB. C/C REF.REEMBOLSO COMBUSTIVEL MOTO;0;100;-15825,16;10085,07
113;Caixa Econômica Federal ;25/06/2025;VR.DEB.C/C MASTER CONSULTORIOS E CONSULTORIA MED;0;120;-15825,16;10205,07
113;Caixa Econômica Federal ;25/06/2025;VR.DEB.C/C CTA CEMIG N/MES;0;124,23;-15825,16;10329,3
113;Caixa Econômica Federal ;25/06/2025;VR. DEB. C/C REF. FGTS RESCISORIO;0;155,11;-15825,16;10484,41
113;Caixa Econômica Federal ;25/06/2025;VR.DEB.C/C PIS S/FOLHA PAGATO.;0;156,88;-15825,16;10641,29
113;Caixa Econômica Federal ;25/06/2025;VR.DEB.C/C.REF.PAGTO SUPERMERCADOS BH;0;166,44;-15825,16;10807,73
113;Caixa Econômica Federal ;25/06/2025;VR.DEB.C/C CTA CEMIG N/MES;0;335,75;-15825,16;11143,48
113;Caixa Econômica Federal ;25/06/2025;VR. DEB. C/C REF. PAGTO COND21 GROUP SOFTWARE;0;370,81;-15825,16;11514,29
113;Caixa Econômica Federal ;25/06/2025;VR. DEB. C/C REF.INSS E PIS RESCISORIO;0;659,18;-15825,16;12173,47
113;Caixa Econômica Federal ;25/06/2025;VR.DEB.C/C FGTS MES;0;1324,28;-15825,16;13497,75
113;Caixa Econômica Federal ;25/06/2025;VR.DEB.C/C CTA CEMIG N/MES;0;1646,78;-15825,16;15144,53
113;Caixa Econômica Federal ;25/06/2025;VR.DEB.C/C REF.PAGATO.INSS;0;5351,75;-15825,16;20496,28
113;Caixa Econômica Federal ;26/06/2025;VR.DEB.C/C FGTS CONSIGNADO 1/12;0;569,41;-15825,16;21065,69
113;Caixa Econômica Federal ;30/06/2025;VR.CRED.C/C MOV.COBRANÇA CF. EXTRATO;34780;0;-15825,16;-13714,31
113;Caixa Econômica Federal ;30/06/2025;VR.CRED.C/C RECEITA ACORDO CF.PLANILHA;8093,75;0;-15825,16;-21808,06
113;Caixa Econômica Federal ;30/06/2025;VR. CRED. C/C REF. TAXA DE AGUA;1727,38;0;-15825,16;-23535,44
113;Caixa Econômica Federal ;30/06/2025;VR.CRED.C/C.REF.PAGTO. RESERVA ESPAÇO GOURMET;300;0;-15825,16;-23835,44
113;Caixa Econômica Federal ;30/06/2025;VR.CRED.C/C.REF.PAGTO. JUROS E MULTA;97,3;0;-15825,16;-23932,74
113;Caixa Econômica Federal ;30/06/2025;VR.CRED.C/C.REF.PAGTO. CONTROLE DE ACESSO;40;0;-15825,16;-23972,74
113;Caixa Econômica Federal ;30/06/2025;VR.DEB.C/C RECEITA ACORDO HONORARIO;0;915,52;-15825,16;-23057,22
113;Caixa Econômica Federal ;30/06/2025;VR.DEB.C/C TARIFAS BANCARIAS CF EXTRATO;0;917,82;-15825,16;-22139,4
113;Caixa Econômica Federal ;01/07/2025;VR.DEB.C/C VT;0;1169,6;-15825,16;-20969,8
113;Caixa Econômica Federal ;01/07/2025;VR.DEB.C/C REF.FERIAS DE WESLLEY ADRIANO;0;2998,56;-15825,16;-17971,24
113;Caixa Econômica Federal ;01/07/2025;VR.DEB.C/C PRO-LABORE;0;3000;-15825,16;-14971,24
113;Caixa Econômica Federal ;01/07/2025;VR.DEB.C/C REF.PAGTO.SALARIOS N/MES;0;10604,68;-15825,16;-4366,56
113;Caixa Econômica Federal ;02/07/2025;VR. DEB. C/C REF.WMARUO COMERCIO DE PRODUTOS PARA NF2.983 (MERCADO LIVRE);0;53,5;-15825,16;-4313,06
113;Caixa Econômica Federal ;02/07/2025;VR.DEB.C/C HONORARIOS CONTABEIS N/MES;0;2790,7;-15825,16;-1522,36
113;Caixa Econômica Federal ;04/07/2025;VR.DEB.C/C CIA BRASILEIRA SOLUCOES E SERVICOS REF.CARTAO ALIMENTACAO;0;1546,85;-15825,16;24,49
113;Caixa Econômica Federal ;04/07/2025;VR. DEB. C/C REF.Portão Eletronico Portaria - 4/4 - CASSIA MARIA;0;3138,75;-15825,16;3163,24
113;Caixa Econômica Federal ;09/07/2025;VR. DEB. C/C REF.ABASTECIMENTO MOTO E ROÇADEIRA;0;105,01;-15825,16;3268,25
113;Caixa Econômica Federal ;10/07/2025;VR.DEB.C/C.REF.PAGTO SINDEAC PROFPS;0;70;-15825,16;3338,25
113;Caixa Econômica Federal ;10/07/2025;VR.DEB.C/C.REF.PAGTO. SINDEAC PAF;0;591,6;-15825,16;3929,85
113;Caixa Econômica Federal ;11/07/2025;VR.DEB.C/C.REF.PAGTO SUPERMERCADOS BH;0;95,76;-15825,16;4025,61
113;Caixa Econômica Federal ;15/07/2025;VR.DEB.C/C.REF. SISTEMA PONTO TANGERINO;0;71,92;-15825,16;4097,53
113;Caixa Econômica Federal ;16/07/2025;VR. CRED. C/C REEMBOLSO ALICATE MERCADO LIVRE;65,99;0;-15825,16;4031,54
113;Caixa Econômica Federal ;17/07/2025;VR.DEB.C/C CTA CEMIG N/MES;0;149,28;-15825,16;4180,82
113;Caixa Econômica Federal ;17/07/2025;VR. DEB. C/C REF. QUALIDADE COMERCIAL SANTOS MACIEL LTDA NF 2.079;0;205;-15825,16;4385,82
113;Caixa Econômica Federal ;17/07/2025;VR.DEB.C/C CTA CEMIG N/MES;0;221,9;-15825,16;4607,72
113;Caixa Econômica Federal ;17/07/2025;VR.DEB.C/C CTA CEMIG N/MES;0;783,17;-15825,16;5390,89
113;Caixa Econômica Federal ;17/07/2025;VR. DEB. C/C REF.FABRITELHAS NF 6.896/6.734/6.897/6.748;0;1812,7;-15825,16;7203,59
113;Caixa Econômica Federal ;18/07/2025;VR. DEB. C/C REF. ABASTECIMENTO;0;70;-15825,16;7273,59
113;Caixa Econômica Federal ;18/07/2025;VR.DEB.C/C CIA BRASILEIRA SOLUCOES E SERVICOS REF.CARTAO ALIMENTACAO - CARLOS ALMEIDA;0;110;-15825,16;7383,59
113;Caixa Econômica Federal ;18/07/2025;VR.DEB.C/C PIS S/FOLHA PAGATO;0;156,14;-15825,16;7539,73
113;Caixa Econômica Federal ;18/07/2025;VR.DEB.C/C VT - CARLOS ALMEIDA;0;163,2;-15825,16;7702,93
113;Caixa Econômica Federal ;18/07/2025;VR. DEB. C/C REF.MULTI FORMATO DISTRIBUIDORA;0;175,72;-15825,16;7878,65
113;Caixa Econômica Federal ;18/07/2025;VR.DEB.C/C FGTS MES;0;1663,43;-15825,16;9542,08
113;Caixa Econômica Federal ;18/07/2025;VR.DEB.C/C REF.PAGATO.INSS;0;5270;-15825,16;14812,08
113;Caixa Econômica Federal ;22/07/2025;VR. DEB. C/C REF. MARSELHA PLACAS 1/2;0;1540;-15825,16;16352,08
113;Caixa Econômica Federal ;23/07/2025;VR.DEB.C/C VT - EXAME PERIODICO ADILSON;0;46,15;-15825,16;16398,23
113;Caixa Econômica Federal ;24/07/2025;VR.DEB.C/C.REF.PAGTO VEREJO BLASKVICZ NF 131;0;25;-15825,16;16423,23
113;Caixa Econômica Federal ;24/07/2025;VR.DEB.C/C.REF.PAGTO VEREJO BLASKVICZ NF 131;0;35;-15825,16;16458,23
113;Caixa Econômica Federal ;24/07/2025;VR.DEB.C/C.REF.PAGTO VEREJO BLASKVICZ NF 131;0;57;-15825,16;16515,23
113;Caixa Econômica Federal ;24/07/2025;VR.DEB.C/C.REF.PAGTO VEREJO BLASKVICZ NF 131;0;172;-15825,16;16687,23
113;Caixa Econômica Federal ;25/07/2025;VR.DEB.C/C MASTER CONSULTORIOS E CONSULTORIA MED;0;120;-15825,16;16807,23
113;Caixa Econômica Federal ;25/07/2025;VR. DEB. C/C REF. ADMISSÃO FUNC - CARLOS ALMEIDA;0;239;-15825,16;17046,23
113;Caixa Econômica Federal ;25/07/2025;VR. DEB. C/C REF. PAGTO COND21 GROUP SOFTWARE;0;370,81;-15825,16;17417,04
113;Caixa Econômica Federal ;28/07/2025;VR.DEB.C/C VT. CARLOS ALMEIDA - EXAME ADM;0;30;-15825,16;17447,04
113;Caixa Econômica Federal ;28/07/2025;VR.DEB.C/C TELEFONE;0;90,62;-15825,16;17537,66
113;Caixa Econômica Federal ;29/07/2025;VR. DEB. C/C REF. LOJAO DO REAL;0;25;-15825,16;17562,66
113;Caixa Econômica Federal ;31/07/2025;VR.CRED.C/C MOV.COBRANÇA CF. EXTRATO;35485;0;-15825,16;-17922,34
113;Caixa Econômica Federal ;31/07/2025;VR.CRED.C/C RECEITA ACORDO CF.PLANILHA;6105,19;0;-15825,16;-24027,53
113;Caixa Econômica Federal ;31/07/2025;VR. CRED. C/C REF. TAXA DE AGUA;2044,57;0;-15825,16;-26072,1
113;Caixa Econômica Federal ;31/07/2025;VR.CRED.C/C RECEITA CONTROLE DE ACESSO;120;0;-15825,16;-26192,1
113;Caixa Econômica Federal ;31/07/2025;VR.CRED.C/C.REF.PAGTO. JUROS E MULTA;115,13;0;-15825,16;-26307,23
113;Caixa Econômica Federal ;31/07/2025;VR.DEB.C/C RECEITA ACORDO CF.PLANILHA;0;637,52;-15825,16;-25669,71
113;Caixa Econômica Federal ;31/07/2025;VR.DEB.C/C TARIFAS BANCARIAS CF EXTRATO;0;950,54;-15825,16;-24719,17
348;Aplicação Caixa Econômica Federal;31/01/2025;VR.CRED.C/C REND.APLICAÇAO FINANCEIRA CF EXTRATO;907,44;0;-100497,2;-101404,64
348;Aplicação Caixa Econômica Federal;31/01/2025;VR.DEB.C/C.REF.RESTAGE CDB;0;8,81;-100497,2;-101395,83
348;Aplicação Caixa Econômica Federal;31/01/2025;VR.CRED.C/C.REF.RESTAGE CDB;0;1838,52;-100497,2;-99557,31
348;Aplicação Caixa Econômica Federal;05/02/2025;VR.CRED.C/C.REF.RESTAGE CDB;0;2751,68;-100497,2;-96805,63
348;Aplicação Caixa Econômica Federal;07/02/2025;VR.CRED.C/C.REF.RESTAGE CDB;0;180,33;-100497,2;-96625,3
348;Aplicação Caixa Econômica Federal;28/02/2025;VR.CRED.C/C REND.APLICAÇAO FINANCEIRA CF EXTRATO;847,79;0;-100497,2;-97473,09
348;Aplicação Caixa Econômica Federal;28/02/2025;VR.DEB.APLICAÇÃO TARIFAS BANCARIAS CF EXTRATO;0;18,29;-100497,2;-97454,8
348;Aplicação Caixa Econômica Federal;05/03/2025;VR.CRED.C/C.REF.RESTAGE CDB;0;18958,07;-100497,2;-78496,73
348;Aplicação Caixa Econômica Federal;06/03/2025;VR.CRED.C/C.REF.RESTAGE CDB;0;202,32;-100497,2;-78294,41
348;Aplicação Caixa Econômica Federal;11/03/2025;VR.CRED.C/C.REF.RESTAGE CDB;0;1909,16;-100497,2;-76385,25
348;Aplicação Caixa Econômica Federal;21/03/2025;VR. DEB. C/C REF. APLICAÇÃO;23000;0;-100497,2;-99385,25
348;Aplicação Caixa Econômica Federal;27/03/2025;VR.CRED.C/C.REF.RESTAGE CDB;0;1052,06;-100497,2;-98333,19
348;Aplicação Caixa Econômica Federal;28/03/2025;VR.CRED.C/C.REF.RESTAGE CDB;0;1055,05;-100497,2;-97278,14
348;Aplicação Caixa Econômica Federal;31/03/2025;VR.CRED.C/C REND.APLICAÇAO FINANCEIRA CF EXTRATO;724,66;0;-100497,2;-98002,8
348;Aplicação Caixa Econômica Federal;31/03/2025;VR.DEB.C/C TARIFAS BANCARIAS CF EXTRATO;0;211,74;-100497,2;-97791,06
348;Aplicação Caixa Econômica Federal;31/03/2025;VR.CRED.C/C.REF.RESTAGE CDB SEGURO MOTO;0;3684,47;-100497,2;-94106,59
348;Aplicação Caixa Econômica Federal;01/04/2025;VR.CRED.C/C.REF.RESTAGE CDB;0;15679,31;-100497,2;-78427,28
348;Aplicação Caixa Econômica Federal;07/04/2025;VR.CRED.C/C.REF.RESTAGE CDB;0;904,6;-100497,2;-77522,68
348;Aplicação Caixa Econômica Federal;30/04/2025;VR.CRED.C/C REND.APLICAÇAO FINANCEIRA CF EXTRATO;733,92;0;-100497,2;-78256,6
348;Aplicação Caixa Econômica Federal;30/04/2025;VR.DEB.C/C TARIFAS BANCARIAS CF EXTRATO;0;147,33;-100497,2;-78109,27
348;Aplicação Caixa Econômica Federal;05/05/2025;VR.CRED.C/C.REF.RESTAGE CDB;0;4500,25;-100497,2;-73609,02
348;Aplicação Caixa Econômica Federal;30/05/2025;VR.CRED.C/C REND.APLICAÇAO FINANCEIRA CF EXTRATO;755,32;0;-100497,2;-74364,34
348;Aplicação Caixa Econômica Federal;30/05/2025;VR.DEB.C/C TARIFAS BANCARIAS CF EXTRATO;0;519,56;-100497,2;-73844,78
348;Aplicação Caixa Econômica Federal;30/06/2025;VR.CRED.C/C REND.APLICAÇAO FINANCEIRA CF EXTRATO;728,51;0;-100497,2;-74573,29
348;Aplicação Caixa Econômica Federal;31/07/2025;VR.CRED.C/C REND.APLICAÇAO FINANCEIRA CF EXTRATO;859,47;0;-100497,2;-75432,76
33;Adiantamento de Ferias;08/01/2025;VR.DEB.C/C REF.FERIAS DE WESLEY ADRIANO;2483,84;0;-3036,51;-5520,35
33;Adiantamento de Ferias;03/02/2025;VR.DEB.C/C REF.FERIAS HUDSON;3311,89;0;-3036,51;-8832,24
33;Adiantamento de Ferias;28/02/2025;VR.DEB.C/C REF.FERIAS LUIS F;3242,24;0;-3036,51;-12074,48
33;Adiantamento de Ferias;27/03/2025;VR.DEB.C/C REF.FERIAS SANDRO ALVES;2659,63;0;-3036,51;-14734,11
33;Adiantamento de Ferias;29/04/2025;VR.DEB.C/C REF.FERIAS ADILSON;2708,05;0;-3036,51;-17442,16
33;Adiantamento de Ferias;01/07/2025;VR.DEB.C/C REF.FERIAS DE WESLLEY ADRIANO;2998,56;0;-3036,51;-20440,72
74;Adiantamento de Salarios;08/05/2025;VR. DEB. C/C REF. ADIANTAMENTO SALARIO WESLLEY;600;0;0;-600
74;Adiantamento de Salarios;08/05/2025;VR. DEB. C/C REF.ADIANTAMENTO SALARIO WESLLEY;400;0;0;-1000
74;Adiantamento de Salarios;20/06/2025;VR. DEB. C/C REF. ADIANTAMENTO ADILSON;300;0;0;-1300
64;Aparelhos Celulares;04/06/2025;VR. DEB. C/C REF.VAREJO BLASKVICZ NF 127;860;0;-1476;-2336
523;Moveis e Utensilios - Portaria ;06/01/2025;VR. DEB. C/C REF.JOSE MARINHO DA PAZ NF 42;438;0;-4237,29;-4675,29
691;Portão de acesso;09/04/2025;VR. DEB. C/C REF. Portão Eletronico Portaria - 1/4 - CASSIA MARIA NFS-E 69;3138,75;0;0;-3138,75
691;Portão de acesso;05/05/2025;VR. DEB. C/C REF.Portão Eletronico Portaria - 2/4 - CASSIA MARIA;3138,75;0;0;-6277,5
691;Portão de acesso;05/06/2025;VR. DEB. C/C REF. Portão Eletronico Portaria - 3/4 - CASSIA MARIA;3138,75;0;0;-9416,25
691;Portão de acesso;04/07/2025;VR. DEB. C/C REF.Portão Eletronico Portaria - 4/4 - CASSIA MARIA;3138,75;0;0;-12555
712;Postes e Placas de Sinalização;17/07/2025;VR. DEB. C/C REF.FABRITELHAS NF 6.896/6.734/6.897/6.748;1812,7;0;0;-1812,7
712;Postes e Placas de Sinalização;17/07/2025;VR. DEB. C/C REF. QUALIDADE COMERCIAL SANTOS MACIEL LTDA NF 2.079;205;0;0;-2017,7
712;Postes e Placas de Sinalização;22/07/2025;VR. DEB. C/C REF. MARSELHA PLACAS 1/2;1540;0;0;-3557,7
107;Salario a Pagar;06/01/2025;VR.DEB.C/C REF.PAGTO.SALARIOS N/MES;13208,75;0;12059,92;-1148,83
107;Salario a Pagar;05/02/2025;VR.DEB.C/C REF.PAGTO.SALARIOS N/MES;11406,19;0;12059,92;-12555,02
107;Salario a Pagar;05/03/2025;VR.DEB.C/C REF.PAGTO.SALARIOS N/MES;11399,06;0;12059,92;-23954,08
107;Salario a Pagar;01/04/2025;VR.DEB.C/C REF.PAGTO.SALARIOS N/MES;11501,21;0;12059,92;-35455,29
107;Salario a Pagar;02/05/2025;VR.DEB.C/C REF.PAGTO.SALARIOS N/MES;11737,75;0;12059,92;-47193,04
107;Salario a Pagar;02/06/2025;VR.DEB.C/C REF.PAGTO.SALARIOS N/MES;10649,11;0;12059,92;-57842,15
107;Salario a Pagar;01/07/2025;VR.DEB.C/C REF.PAGTO.SALARIOS N/MES;10604,68;0;12059,92;-68446,83
18;Pis s/Folha de Pagamento;20/01/2025;VR.DEB.C/C PIS S/FOLHA PAGATO.;152,75;0;152,76;0,01
18;Pis s/Folha de Pagamento;19/02/2025;VR.DEB.C/C PIS S/FOLHA PAGATO.;158,53;0;152,76;-158,52
18;Pis s/Folha de Pagamento;11/03/2025;VR.DEB.C/C PIS S/FOLHA PAGATO.;167,31;0;152,76;-325,83
18;Pis s/Folha de Pagamento;16/04/2025;VR.DEB.C/C PIS S/FOLHA PAGATO.;171,31;0;152,76;-497,14
18;Pis s/Folha de Pagamento;20/05/2025;VR.DEB.C/C PIS S/FOLHA PAGATO.;165,2;0;152,76;-662,34
18;Pis s/Folha de Pagamento;25/06/2025;VR.DEB.C/C PIS S/FOLHA PAGATO.;156,88;0;152,76;-819,22
18;Pis s/Folha de Pagamento;18/07/2025;VR.DEB.C/C PIS S/FOLHA PAGATO;156,14;0;152,76;-975,36
23;IRRF;20/01/2025;VR.DESC.IRRF S/SALARIOS N/MES.;20,75;0;20,75;0
23;IRRF;19/02/2025;VR.DESC.IRRF S/SALARIOS N/MES.;93,23;0;20,75;-93,23
23;IRRF;11/03/2025;VR.DESC.IRRF S/SALARIOS N/MES.;80,12;0;20,75;-173,35
112;INSS a Pagar;20/01/2025;VR.DEB.C/C REF.PAGATO.INSS;5175,71;0;5175,71;0
112;INSS a Pagar;19/02/2025;VR.DEB.C/C REF.PAGATO.INSS;5365,92;0;5175,71;-5365,92
112;INSS a Pagar;11/03/2025;VR.DEB.C/C REF.PAGATO.INSS;5674,45;0;5175,71;-11040,37
112;INSS a Pagar;16/04/2025;VR.DEB.C/C REF.PAGATO.INSS;5816,74;0;5175,71;-16857,11
112;INSS a Pagar;20/05/2025;VR.DEB.C/C REF.PAGATO.INSS;5589,38;0;5175,71;-22446,49
112;INSS a Pagar;25/06/2025;VR.DEB.C/C REF.PAGATO.INSS;5351,75;0;5175,71;-27798,24
112;INSS a Pagar;18/07/2025;VR.DEB.C/C REF.PAGATO.INSS;5270;0;5175,71;-33068,24
114;FGTS a Pagar;08/01/2025;VR.DEB.C/C FGTS MES 13/2024;543,54;0;1765,48;1221,94
114;FGTS a Pagar;14/01/2025;VR.DEB.C/C FGTS MES;1221,94;0;1765,48;0
114;FGTS a Pagar;07/02/2025;VR.DEB.C/C FGTS MES;1268,22;0;1765,48;-1268,22
114;FGTS a Pagar;11/03/2025;VR.DEB.C/C FGTS MES;1338,48;0;1765,48;-2606,7
114;FGTS a Pagar;14/04/2025;VR.DEB.C/C FGTS MES;1370,49;0;1765,48;-3977,19
114;FGTS a Pagar;20/05/2025;VR.DEB.C/C FGTS MES;1321,59;0;1765,48;-5298,78
114;FGTS a Pagar;25/06/2025;VR.DEB.C/C FGTS MES;1324,28;0;1765,48;-6623,06
114;FGTS a Pagar;26/06/2025;VR.DEB.C/C FGTS CONSIGNADO 1/12;569,41;0;1765,48;-7192,47
114;FGTS a Pagar;18/07/2025;VR.DEB.C/C FGTS MES;1663,43;0;1765,48;-8855,9
181;Conservacao e Manutencao;06/01/2025;VR. DEB. C/C REF. MULTICAZ COMERCIO VAREJISTA LTDA NF 34.229 / IBITEXENXOVAIS LTDA NF 417.672;190,87;0;-14285,06;-14475,93
181;Conservacao e Manutencao;13/01/2025;VR. DEB. C/C REF. MINAS TEXTURAS / LEONARDO RANGEL AMARAL GONCALVES LTDA NF 310;824,9;0;-14285,06;-15300,83
181;Conservacao e Manutencao;16/01/2025;VR. DEB. C/C REF. REPARO DANO ESTRUTURAL MURO - WEVERTON COSME 1/2;900;0;-14285,06;-16200,83
181;Conservacao e Manutencao;17/01/2025;VR. DEB. C/C REF. MINAS TEXTUAS LEONARDO RANGEL AMARAL GONCALVES LTDA NF 321;472,45;0;-14285,06;-16673,28
181;Conservacao e Manutencao;21/01/2025;VR. DEB. C/C REF. REPARO DANO ESTRUTURAL MURO - WEVERTON COSME 2/2;900;0;-14285,06;-17573,28
181;Conservacao e Manutencao;14/02/2025;VR. DEB. C/C REF. AXF MATERIAIS DE CONSTRUÇÃO ALMEIDA ACABAMENTOS NF 1248;66;0;-14285,06;-17639,28
181;Conservacao e Manutencao;17/02/2025;VR. DEB. C/C REF. REAL COMERCIO LTDA NF 113308;420,86;0;-14285,06;-18060,14
181;Conservacao e Manutencao;24/02/2025;VR. DEB. C/C REF. LERROY MERLIN;42,78;0;-14285,06;-18102,92
181;Conservacao e Manutencao;10/03/2025;VR. DEB. C/C REF. CASA VERMELHA TREM DE TUDO, N. 35840;45,5;0;-14285,06;-18148,42
181;Conservacao e Manutencao;15/05/2025;VR. DEB. C/C REF.ALMEIDA ACABAMENTOS;66,54;0;-14285,06;-18214,96
181;Conservacao e Manutencao;23/05/2025;VR.DEB.C/C.REF.PAGTO VEREJO BLASKVICZ NF 25;11;0;-14285,06;-18225,96
181;Conservacao e Manutencao;06/06/2025;VR. DEB. C/C REF. BRX COMERCIO DE MINERIOS E DECORACAO LTDA NF 3.666 E 3.667;278;0;-14285,06;-18503,96
181;Conservacao e Manutencao;02/07/2025;VR. DEB. C/C REF.WMARUO COMERCIO DE PRODUTOS PARA NF2.983 (MERCADO LIVRE);53,5;0;-14285,06;-18557,46
181;Conservacao e Manutencao;24/07/2025;VR.DEB.C/C.REF.PAGTO VEREJO BLASKVICZ NF 131;57;0;-14285,06;-18614,46
182;Correio;09/01/2025;VR. DEB. C/C REF.CORREIO;73,2;0;-1834,95;-1908,15
186;Material de Construçao;27/01/2025;VR. DEB. C/C REF. AXF MATERIAIS DE CONSTRUÇÃO LTDA NF 1.220;357,5;0;-942,4;-1299,9
186;Material de Construçao;05/03/2025;VR. DEB. C/C REF.AXF MATERIAIS DE CONSTRUÇÃO LTDA NF 1271;1158,6;0;-942,4;-2458,5
186;Material de Construçao;11/03/2025;VR. DEB. C/C REF.AXF MATERIAS DE CONSTRUÇÃO LTDA NF 1278;429;0;-942,4;-2887,5
186;Material de Construçao;12/03/2025;VR. DEB. C/C REF. FABRITELHAS INDUSTRIA COMERCIO E SERVIÇOS LTDA NF 5.158;2842,08;0;-942,4;-5729,58
186;Material de Construçao;31/03/2025;VR. DEB. C/C REF. PH SERRALHEIRO N. 6;2000;0;-942,4;-7729,58
187;Sistema Interno Cond 21;27/01/2025;VR. DEB. C/C REF. PAGTO GROUP COM;340,85;0;-8160,04;-8500,89
187;Sistema Interno Cond 21;25/02/2025;VR. DEB. C/C REF. PAGTO COND21 GROUP SOFTWARE;340,85;0;-8160,04;-8841,74
187;Sistema Interno Cond 21;25/03/2025;VR. DEB. C/C REF. PAGTO COND21;340,85;0;-8160,04;-9182,59
187;Sistema Interno Cond 21;25/04/2025;VR. DEB. C/C REF. PAGTO COND21 GROUP SOFTWARE;340,85;0;-8160,04;-9523,44
187;Sistema Interno Cond 21;26/05/2025;VR. DEB. C/C REF. PAGTO COND21 GROUP SOFTWARE;391,02;0;-8160,04;-9914,46
187;Sistema Interno Cond 21;25/06/2025;VR. DEB. C/C REF. PAGTO COND21 GROUP SOFTWARE;370,81;0;-8160,04;-10285,27
187;Sistema Interno Cond 21;25/07/2025;VR. DEB. C/C REF. PAGTO COND21 GROUP SOFTWARE;370,81;0;-8160,04;-10656,08
188;Honorarios Contabeis;07/01/2025;VR.DEB.C/C HONORARIOS CONTABEIS N/MES;2596;0;-59940;-62536
188;Honorarios Contabeis;04/02/2025;VR.DEB.C/C HONORARIOS CONTABEIS N/MES;2790,7;0;-59940;-65326,7
188;Honorarios Contabeis;05/03/2025;VR.DEB.C/C HONORARIOS CONTABEIS N/MES;2790,7;0;-59940;-68117,4
188;Honorarios Contabeis;04/04/2025;VR.DEB.C/C HONORARIOS CONTABEIS N/MES;2790,7;0;-59940;-70908,1
188;Honorarios Contabeis;05/05/2025;VR.DEB.C/C HONORARIOS CONTABEIS N/MES;2790,7;0;-59940;-73698,8
188;Honorarios Contabeis;02/06/2025;VR.DEB.C/C HONORARIOS CONTABEIS N/MES;2790,7;0;-59940;-76489,5
188;Honorarios Contabeis;02/07/2025;VR.DEB.C/C HONORARIOS CONTABEIS N/MES;2790,7;0;-59940;-79280,2
189;Material de limpeza;07/01/2025;VR.DEB.C/C.REF.PAGTO SUPERMERCADO APOIO MINEIRO;144,04;0;-3681,38;-3825,42
189;Material de limpeza;07/01/2025;VR. DEB. C/C REF.GARRA DISTRIBUIDORA NF 5324;59,43;0;-3681,38;-3884,85
189;Material de limpeza;30/01/2025;VR. DEB. C/C REF. DJ DE OLIVEIRA DISTRIBUIDORA NF 102.257;70,44;0;-3681,38;-3955,29
189;Material de limpeza;03/02/2025;VR. DEB. C/C REF.EMBRASIL COMERCIO E IMPORTAÇÃO LTDA;51,6;0;-3681,38;-4006,89
189;Material de limpeza;06/02/2025;VR. DEB. C/C REF.GARRA DISTRIBUIDORA;83,34;0;-3681,38;-4090,23
189;Material de limpeza;06/02/2025;VR.DEB.C/C.REF.PAGTO SUPERMERCADO APOIO MINEIRO;50,87;0;-3681,38;-4141,1
189;Material de limpeza;07/02/2025;VR. DEB. C/C REF. AXF MATERIAIS DE CONSTRUÇÃO LTDA NF 1240;33,9;0;-3681,38;-4175
189;Material de limpeza;24/03/2025;VR.DEB.C/C.REF.PAGTO SUPERMERCADOS BH;51,78;0;-3681,38;-4226,78
189;Material de limpeza;24/03/2025;VR.DEB.C/C.REF.PAGTO VEREJO BLASKVICZ NF 123;31;0;-3681,38;-4257,78
189;Material de limpeza;29/04/2025;VR.DEB.C/C.REF.PAGTO SUPERMERCADOS BH;41,9;0;-3681,38;-4299,68
189;Material de limpeza;08/05/2025;VR. DEB. C/C REF. GARRA COMERCIO LTDA NF 5606;48,8;0;-3681,38;-4348,48
189;Material de limpeza;09/05/2025;VR.DEB.C/C.REF.PAGTO SUPERMERCADO APOIO MINEIRO;259,21;0;-3681,38;-4607,69
189;Material de limpeza;18/06/2025;VR.DEB.C/C.REF.PAGTO VEREJO BLASKVICZ NF 129;40,5;0;-3681,38;-4648,19
189;Material de limpeza;18/06/2025;VR.DEB.C/C.REF.PAGTO VEREJO BLASKVICZ NF 130;24;0;-3681,38;-4672,19
189;Material de limpeza;11/07/2025;VR.DEB.C/C.REF.PAGTO SUPERMERCADOS BH;95,76;0;-3681,38;-4767,95
189;Material de limpeza;24/07/2025;VR.DEB.C/C.REF.PAGTO VEREJO BLASKVICZ NF 131;25;0;-3681,38;-4792,95
189;Material de limpeza;29/07/2025;VR. DEB. C/C REF. LOJAO DO REAL;25;0;-3681,38;-4817,95
193;Lanches e Refeicoes;30/01/2025;VR. DEB. C/C REF. MEU PRATA SUPERMERCADOS EIRELI;177,9;0;-2941,06;-3118,96
193;Lanches e Refeicoes;14/02/2025;VR. DEB. C/C REF.ALMOCO DCJ;259;0;-2941,06;-3377,96
193;Lanches e Refeicoes;28/02/2025;VR. DEB. C/C REF. ALIMENTACAO DCJ;259;0;-2941,06;-3636,96
193;Lanches e Refeicoes;05/03/2025;VR.DEB.C/C.REF.PAGTO SUPERMERCADOS BH;194,66;0;-2941,06;-3831,62
193;Lanches e Refeicoes;24/03/2025;VR. DEB. C/C REF. COMERCIAL SERRA DO CIPO;59,67;0;-2941,06;-3891,29
193;Lanches e Refeicoes;24/03/2025;VR. DEB. C/C REF. EMPORIO TREVO;21;0;-2941,06;-3912,29
193;Lanches e Refeicoes;31/03/2025;VR.DEB.C/C.REF.PAGTO SUPERMERCADO APOIO MINEIRO;157,44;0;-2941,06;-4069,73
193;Lanches e Refeicoes;29/04/2025;VR.DEB.C/C.REF.PAGTO SUPERMERCADOS BH;166,36;0;-2941,06;-4236,09
193;Lanches e Refeicoes;26/05/2025;VR.DEB.C/C.REF.PAGTO SUPERMERCADOS BH;172,38;0;-2941,06;-4408,47
193;Lanches e Refeicoes;25/06/2025;VR.DEB.C/C.REF.PAGTO SUPERMERCADOS BH;166,44;0;-2941,06;-4574,91
193;Lanches e Refeicoes;18/07/2025;VR. DEB. C/C REF.MULTI FORMATO DISTRIBUIDORA;175,72;0;-2941,06;-4750,63
194;Locaçao de Equipamentos/ Veiculos;24/02/2025;VR. DEB. C/C REF. LOCAMONTE FL-116776;235;0;-180;-415
194;Locaçao de Equipamentos/ Veiculos;26/02/2025;VR. DEB. C/C REF. LOC JABO;100;0;-180;-515
194;Locaçao de Equipamentos/ Veiculos;28/02/2025;VR. DEB. C/C REF.LOCAMONTE FL-116883;300;0;-180;-815
194;Locaçao de Equipamentos/ Veiculos;28/04/2025;VR.PAGTO. N/CH  REF. HUGO VERNEK XAVIER NF 20250000000000018 - CAÇAMBA;500;0;-180;-1315
196;Reembolso de Quilometragem;11/03/2025;VR. DEB. C/C REF. ADEC ENTREGA LIVROS CONTABEIS 2019/2020/2021/2022/2023/2024;273,6;0;-3745,48;-4019,08
197;Despesas c/ Servicos Terceiros (PJ);08/04/2025;VR. DEB. C/C REF.SERVIÇOS ADM AMBIENTAIS - NSF-E 77 - Luciana da Silva;250;0;-4019,98;-4269,98
201;Combustivel/Lubrificantes/Troca Oleo ;07/01/2025;VR. DEB. C/C REF. CARVALHO ENGENHARIA LTDA;120;0;-2553,79;-2673,79
201;Combustivel/Lubrificantes/Troca Oleo ;08/01/2025;VR. DEB. C/C REF. PETRO SERRA AUTO POSTO LTDA;82,88;0;-2553,79;-2756,67
201;Combustivel/Lubrificantes/Troca Oleo ;10/01/2025;VR. DEB. C/C REF. SANTO POSTO LAGOA SANTA - COMERCIO DE COMBUSTIVEIS LTDA;100;0;-2553,79;-2856,67
201;Combustivel/Lubrificantes/Troca Oleo ;11/02/2025;VR. DEB. C/C REF. ABASTECIMENTO MOTO COND. REEMBOLSO WESLLEY;80,21;0;-2553,79;-2936,88
201;Combustivel/Lubrificantes/Troca Oleo ;24/02/2025;VR. DEB. C/C REF. POSTO ATP LTDA;98,35;0;-2553,79;-3035,23
201;Combustivel/Lubrificantes/Troca Oleo ;25/02/2025;VR. DEB. C/C REF.REEMBOLSO WESLLEY ABASTECIMENTO MOTO COND;34,99;0;-2553,79;-3070,22
201;Combustivel/Lubrificantes/Troca Oleo ;26/02/2025;VR. DEB. C/C REF. REEMBOLSO WESLLEY COMBUSTIVEL;60;0;-2553,79;-3130,22
201;Combustivel/Lubrificantes/Troca Oleo ;18/03/2025;VR. DEB. C/C REF.REEMBOLSO WESLLEY ABASTECIMENTO;80;0;-2553,79;-3210,22
201;Combustivel/Lubrificantes/Troca Oleo ;21/03/2025;VR. DEB. C/C REF.ABASTECIMENTO;120;0;-2553,79;-3330,22
201;Combustivel/Lubrificantes/Troca Oleo ;10/04/2025;VR. DEB. C/C REF.REEMBOLSO WESLLEY;100;0;-2553,79;-3430,22
201;Combustivel/Lubrificantes/Troca Oleo ;15/04/2025;VR. DEB. C/C REF.ABASTECIMENTO CARREFOUR;90;0;-2553,79;-3520,22
201;Combustivel/Lubrificantes/Troca Oleo ;02/05/2025;VR. DEB. C/C REF. REEMBOLSO WESLLEY COMBUSTIVEL - MOTO COND.;111,37;0;-2553,79;-3631,59
201;Combustivel/Lubrificantes/Troca Oleo ;06/05/2025;VR. DEB. C/C REF.REEMBOLSO COMBUSTIVEL;50;0;-2553,79;-3681,59
201;Combustivel/Lubrificantes/Troca Oleo ;26/05/2025;VR. DEB. C/C REF. REEMBOLSO ABASTECIMENTO;50;0;-2553,79;-3731,59
201;Combustivel/Lubrificantes/Troca Oleo ;29/05/2025;VR. DEB. C/C REF. REEMBOLSO ABASTECIMENTO MOTO COND.;80;0;-2553,79;-3811,59
201;Combustivel/Lubrificantes/Troca Oleo ;25/06/2025;VR. DEB. C/C REF.REEMBOLSO COMBUSTIVEL MOTO;100;0;-2553,79;-3911,59
201;Combustivel/Lubrificantes/Troca Oleo ;05/07/2025;VR. DEB. C/C REF.ABASTECIMENTO;70;0;-2553,79;-3981,59
201;Combustivel/Lubrificantes/Troca Oleo ;09/07/2025;VR. DEB. C/C REF.ABASTECIMENTO MOTO E ROÇADEIRA;105,01;0;-2553,79;-4086,6
201;Combustivel/Lubrificantes/Troca Oleo ;18/07/2025;VR. DEB. C/C REF. ABASTECIMENTO;70;0;-2553,79;-4156,6
205;Conservacao e manutencao de Motos;07/02/2025;VR. DEB. C/C REF.MEGGA MOTOS OS 11252;445;0;-2032;-2477
205;Conservacao e manutencao de Motos;14/02/2025;VR. DEB. C/C REF. MEGGA MOTOS OS11367;198;0;-2032;-2675
205;Conservacao e manutencao de Motos;27/03/2025;VR.DEB.C/C.REF.PAGTO MEGGA MOTOS OS 11618;200;0;-2032;-2875
205;Conservacao e manutencao de Motos;28/05/2025;VR. DEB. C/C REF. MEGGA MOTOS OS. 11849;50;0;-2032;-2925
206;Energia Eletrica;17/01/2025;VR.DEB.C/C CTA CEMIG N/MES;2600,22;0;-40867,87;-43468,09
206;Energia Eletrica;17/01/2025;VR.DEB.C/C CTA CEMIG N/MES;452,5;0;-40867,87;-43920,59
206;Energia Eletrica;17/01/2025;VR.DEB.C/C CTA CEMIG N/MES;166,34;0;-40867,87;-44086,93
206;Energia Eletrica;14/02/2025;VR.DEB.C/C CTA CEMIG N/MES;1615,21;0;-40867,87;-45702,14
206;Energia Eletrica;14/02/2025;VR.DEB.C/C CTA CEMIG N/MES;331,25;0;-40867,87;-46033,39
206;Energia Eletrica;17/03/2025;VR.DEB.C/C CTA CEMIG N/MES;1411,86;0;-40867,87;-47445,25
206;Energia Eletrica;17/03/2025;VR.DEB.C/C CTA CEMIG N/MES;331,42;0;-40867,87;-47776,67
206;Energia Eletrica;17/03/2025;VR.DEB.C/C CTA CEMIG N/MES;107,77;0;-40867,87;-47884,44
206;Energia Eletrica;17/04/2025;VR.DEB.C/C CTA CEMIG N/MES;421,16;0;-40867,87;-48305,6
206;Energia Eletrica;17/04/2025;VR.DEB.C/C CTA CEMIG N/MES;200,81;0;-40867,87;-48506,41
206;Energia Eletrica;19/05/2025;VR.DEB.C/C CTA CEMIG N/MES;1674,37;0;-40867,87;-50180,78
206;Energia Eletrica;19/05/2025;VR.DEB.C/C CTA CEMIG N/MES;338,23;0;-40867,87;-50519,01
206;Energia Eletrica;25/06/2025;VR.DEB.C/C CTA CEMIG N/MES;1646,78;0;-40867,87;-52165,79
206;Energia Eletrica;25/06/2025;VR.DEB.C/C CTA CEMIG N/MES;335,75;0;-40867,87;-52501,54
206;Energia Eletrica;25/06/2025;VR.DEB.C/C CTA CEMIG N/MES;124,23;0;-40867,87;-52625,77
206;Energia Eletrica;17/07/2025;VR.DEB.C/C CTA CEMIG N/MES;783,17;0;-40867,87;-53408,94
206;Energia Eletrica;17/07/2025;VR.DEB.C/C CTA CEMIG N/MES;221,9;0;-40867,87;-53630,84
206;Energia Eletrica;17/07/2025;VR.DEB.C/C CTA CEMIG N/MES;149,28;0;-40867,87;-53780,12
208;Despesas com transporte e entrega;09/01/2025;VR. DEB. C/C REF. REEMBOLSO UBER ENTREGADA DOCUMENTOS;53,49;0;-1950,11;-2003,6
208;Despesas com transporte e entrega;04/02/2025;VR. DEB. C/C REF. REEMBOLSO TRANSPORTE;30,95;0;-1950,11;-2034,55
208;Despesas com transporte e entrega;04/02/2025;VR. DEB. C/C REF.REEMBOLSO TRANSPORTE;17,98;0;-1950,11;-2052,53
208;Despesas com transporte e entrega;11/02/2025;VR. DEB. C/C REF. REEMBOLSO TRANSPORTE;83,94;0;-1950,11;-2136,47
208;Despesas com transporte e entrega;07/03/2025;VR. DEB. C/C REF. UBER ESCRITORIO ADEC E COMPRA DE TINTAS;78,52;0;-1950,11;-2214,99
208;Despesas com transporte e entrega;07/04/2025;VR. DEB. C/C REF. REEMBOLSO UBER - CAIXA EC.;36,07;0;-1950,11;-2251,06
208;Despesas com transporte e entrega;09/04/2025;VR. DEB. C/C REF. 99POP;35,9;0;-1950,11;-2286,96
208;Despesas com transporte e entrega;09/04/2025;VR. DEB. C/C REF. UBER- ENVIO DOCS;14,23;0;-1950,11;-2301,19
208;Despesas com transporte e entrega;29/04/2025;VR. DEB. C/C REF.REEMBOLSO UBER NSF;54,99;0;-1950,11;-2356,18
208;Despesas com transporte e entrega;10/06/2025;VR. DEB. C/C REF. UBER - ENVIO DE DOCUMENTOS;17,03;0;-1950,11;-2373,21
208;Despesas com transporte e entrega;20/06/2025;VR. DEB. C/C REF.UBER E 99POP;42,29;0;-1950,11;-2415,5
208;Despesas com transporte e entrega;25/07/2025;VR. DEB. C/C REF. ADMISSÃO FUNC - CARLOS ALMEIDA;239;0;-1950,11;-2654,5
209;Telefone/Internet;27/01/2025;VR.DEB.C/C TELEFONE VIVO;90,62;0;-2222,11;-2312,73
209;Telefone/Internet;25/02/2025;VR.DEB.C/C TELEFONE;90,62;0;-2222,11;-2403,35
209;Telefone/Internet;25/03/2025;VR.DEB.C/C TELEFONE;90,62;0;-2222,11;-2493,97
209;Telefone/Internet;25/04/2025;VR.DEB.C/C TELEFONE VIVO;90,62;0;-2222,11;-2584,59
209;Telefone/Internet;23/05/2025;VR.DEB.C/C TELEFONE;90,62;0;-2222,11;-2675,21
209;Telefone/Internet;25/06/2025;VR.DEB.C/C TELEFONE;90,62;0;-2222,11;-2765,83
209;Telefone/Internet;28/07/2025;VR.DEB.C/C TELEFONE;90,62;0;-2222,11;-2856,45
31;Despesas c/Chaveiro;13/01/2025;VR. DEB. C/C REF. JOAO CARLOS MARIA - ME NF: 584;176;0;0;-176
8;Seguros;24/01/2025;VR. DEB. C/C REF. TOKIO MARINE SEGURADORA S A;529,67;0;-5125,64;-5655,31
8;Seguros;26/02/2025;VR. DEB. C/C REF. TOKKIO MARINE SEGURADORA S A;529,6;0;-5125,64;-6184,91
8;Seguros;31/03/2025;VR. DEB. C/C REF.SEGURO MOTO;809,17;0;-5125,64;-6994,08
376;Despesas com Assembleia;28/03/2025;VR.DEB.C/C.REF.PAGTO. CARTORIO DE REGISTRO DE TITULOS E DOCUMENTOS E CIVIL DAS PESSOAS JURIDICAS DE JABOTICATUBAS-MG;471,96;0;-9001,66;-9473,62
376;Despesas com Assembleia;04/04/2025;VR. DEB. C/C REF.CONFECÇÃO ATA;300;0;-9001,66;-9773,62
376;Despesas com Assembleia;04/04/2025;VR. DEB. C/C REF.REEMBOLSO DESLOCAMENTO;273,6;0;-9001,66;-10047,22
48;Fretes e Carretos;08/01/2025;VR. DEB. C/C REF.MOBILIADORA JOSE MARINHO DA PAZ - CIPO MOVEIS;40;0;-1440,05;-1480,05
48;Fretes e Carretos;13/01/2025;VR. DEB. C/C REF.FRETE MINAS TEXTURAS LEONARDO RANGEL AMARAL GONCALVES LTDA NF 310;20;0;-1440,05;-1500,05
48;Fretes e Carretos;15/01/2025;VR. DEB. C/C REF.FRANCISCO GOMES;300;0;-1440,05;-1800,05
48;Fretes e Carretos;20/01/2025;VR. DEB. C/C REF. FABIANA B. CARNEIRO - CARRETO SANTA CRUZ;200;0;-1440,05;-2000,05
48;Fretes e Carretos;22/01/2025;VR. DEB. C/C REF.FRETE MERCADO LIVRE;14,9;0;-1440,05;-2014,95
48;Fretes e Carretos;30/01/2025;VR. DEB. C/C REF. FRETE MERCADO LIVRE;17,9;0;-1440,05;-2032,85
48;Fretes e Carretos;07/02/2025;VR. DEB. C/C REF. AXF MATERIAIS DE CONSTRUÇÃO LTDA NF 1240;35;0;-1440,05;-2067,85
48;Fretes e Carretos;10/02/2025;VR. DEB. C/C REF. CARRETO FABRITELHAS;180;0;-1440,05;-2247,85
48;Fretes e Carretos;17/02/2025;VR. DEB. C/C REF.CARRTO AXF NF 1249;35;0;-1440,05;-2282,85
48;Fretes e Carretos;17/02/2025;VR. DEB. C/C REF.CARRETO AXF NF 1255;35;0;-1440,05;-2317,85
48;Fretes e Carretos;20/02/2025;VR. DEB. C/C REF. CARRETO - AXF MATERIAIS DE CONSTRUÇÃO NF 1254;35;0;-1440,05;-2352,85
48;Fretes e Carretos;20/02/2025;VR. DEB. C/C REF. FRETE - SOUZA DAMIANI LTDA NF 336.981;18,57;0;-1440,05;-2371,42
48;Fretes e Carretos;21/02/2025;VR. DEB. C/C REF.FRETE CLORAFER COMERCIO DE FERROS E METAIS LTDA NF 3285;35,61;0;-1440,05;-2407,03
48;Fretes e Carretos;24/02/2025;VR. DEB. C/C REF.ALMEIDA ACABAMENTOS FRETE;35;0;-1440,05;-2442,03
48;Fretes e Carretos;26/02/2025;VR. DEB. C/C REF. LOC JABO;80;0;-1440,05;-2522,03
48;Fretes e Carretos;26/02/2025;VR. DEB. C/C REF. ALMEIDA ACABAMENTOS FRETE;6,46;0;-1440,05;-2528,49
48;Fretes e Carretos;05/03/2025;VR. DEB. C/C REF.CARRETO AXF NF 1271;70;0;-1440,05;-2598,49
48;Fretes e Carretos;11/03/2025;VR. DEB. C/C REF. AXF CARRETO NF 1278;35;0;-1440,05;-2633,49
48;Fretes e Carretos;13/03/2025;VR. DEB. C/C REF.CARRETO FABRITELHAS;180;0;-1440,05;-2813,49
48;Fretes e Carretos;17/03/2025;VR. DEB. C/C REF. FRETE NEW POINT COMERCIO DE PRODUTOS (MERCADO LIVRE) NF 18.956;11;0;-1440,05;-2824,49
48;Fretes e Carretos;04/04/2025;VR. DEB. C/C REF. JMF COMERCIAL E SERVIÇOS LTDA NF 58.417 - FRETE;18,57;0;-1440,05;-2843,06
48;Fretes e Carretos;10/04/2025;VR. DEB. C/C REF. FRETE - MATERIAL HIDRAULICO;300;0;-1440,05;-3143,06
65;Material de divulgacao ;31/03/2025;VR. DEB. C/C REF.DANIELA SILVA NOG;100;0;0;-100
66;Material Eletrico;22/01/2025;VR. DEB. C/C REF. MFL ACESSORIOS LTDA NF 2.798.198;25,8;0;-6212,99;-6238,79
66;Material Eletrico;29/01/2025;VR. DEB. C/C REF.GMC COMPONENTES ELETRICOS E NF 510.980;128,97;0;-6212,99;-6367,76
66;Material Eletrico;07/02/2025;VR. DEB. C/C REF. AXF MATERIAIS DE CONSTRUÇÃO LTDA NF 1240;297,6;0;-6212,99;-6665,36
66;Material Eletrico;11/03/2025;VR. DEB. C/C REF.CLICK REPAROS ATACADISTA (MERCADO LIVRE) NF 185.518;122,67;0;-6212,99;-6788,03
66;Material Eletrico;17/03/2025;VR. DEB. C/C REF.NEW POINT COMERCIO DE PRODUTOS (MERCADO LIVRE) NF 18.956;350,56;0;-6212,99;-7138,59
66;Material Eletrico;07/04/2025;VR. DEB. C/C REF. CASA VERMELHA TREM DE TUDO - COMPROVANTE DE VENDA 36671;92,6;0;-6212,99;-7231,19
66;Material Eletrico;18/06/2025;VR.DEB.C/C.REF.PAGTO VEREJO BLASKVICZ NF 129;208;0;-6212,99;-7439,19
66;Material Eletrico;24/07/2025;VR.DEB.C/C.REF.PAGTO VEREJO BLASKVICZ NF 131;35;0;-6212,99;-7474,19
99;Material de Escritorio/Toner/Manutenção Impressora;06/02/2025;VR. DEB. C/C REF. GARRA DISTRIBUIDORA;11,9;0;-948,96;-960,86
99;Material de Escritorio/Toner/Manutenção Impressora;14/03/2025;VR. DEB. C/C REF. SAO JOSE PAPELARIA E UTILIDADES;15;0;-948,96;-975,86
99;Material de Escritorio/Toner/Manutenção Impressora;24/03/2025;VR.DEB.C/C.REF.PAGTO VEREJO BLASKVICZ NF 123;20;0;-948,96;-995,86
99;Material de Escritorio/Toner/Manutenção Impressora;04/04/2025;VR. DEB. C/C REF. JMF COMERCIAL E SERVIÇOS LTDA NF 58.417;42,84;0;-948,96;-1038,7
99;Material de Escritorio/Toner/Manutenção Impressora;25/04/2025;VR. DEB. C/C REF. SUPRY PONT INFORMATICA LTDA NF 944.485;382,61;0;-948,96;-1421,31
99;Material de Escritorio/Toner/Manutenção Impressora;28/04/2025;VR. DEB. C/C REF. SAO JOSE PAPELARIA E UTILIDADES;17;0;-948,96;-1438,31
99;Material de Escritorio/Toner/Manutenção Impressora;29/04/2025;VR.DEB.C/C.REF.PAGTO SUPERMERCADOS BH;23,9;0;-948,96;-1462,21
99;Material de Escritorio/Toner/Manutenção Impressora;04/06/2025;VR. DEB. C/C REF. GARRA DISTRIBUIDORA;24,49;0;-948,96;-1486,7
115;Encadernaçao de livros;21/02/2025;VR. DEB. C/C REF. DELL ART;260;0;-1660;-1920
115;Encadernaçao de livros;25/03/2025;VR. DEB. C/C REF.DELL ART;260;0;-1660;-2180
121;Bens de Reduzido Valor;07/02/2025;VR. DEB. C/C REF.AXF MATERIAIS DE CONSTRUÇÃO LTDA NF 1240;37,5;0;-651,97;-689,47
121;Bens de Reduzido Valor;28/05/2025;VR. DEB. C/C REF.COMERCIAL PENA E LOPES LTDA NF 497.733;319;0;-651,97;-1008,47
121;Bens de Reduzido Valor;18/06/2025;VR.DEB.C/C.REF.PAGTO VEREJO BLASKVICZ NF 129 (LIMA);18;0;-651,97;-1026,47
121;Bens de Reduzido Valor;20/06/2025;VR. DEB. C/C REF. MARCOS VALENTIM AMORIM NF 22.477 (ALICATE);65,99;0;-651,97;-1092,46
138;Reforma Portaria;10/02/2025;VR. DEB. C/C REF.FABRITELHAS INDUSTRIA COMERCIO E SERVIÇOS LTDA NF 4815;797,24;0;-38448,72;-39245,96
138;Reforma Portaria;11/02/2025;VR. DEB. C/C REF.WARCIO ELERSON CORREA NF 807;1446;0;-38448,72;-40691,96
138;Reforma Portaria;14/02/2025;VR. DEB. C/C REF. PARCELA OBRA DCJ;2500;0;-38448,72;-43191,96
138;Reforma Portaria;17/02/2025;VR. DEB. C/C REF. AXF MATERIAIS DE CONSTRUÇÃO LTDA NF 1249;757,1;0;-38448,72;-43949,06
138;Reforma Portaria;17/02/2025;VR. DEB. C/C REF.AXF MATERIAIS DE CONSTRUÇÃO LTDA NF 1255;374;0;-38448,72;-44323,06
138;Reforma Portaria;18/02/2025;VR. DEB. C/C REF.XAVIER LOCAÇÕES;300;0;-38448,72;-44623,06
138;Reforma Portaria;20/02/2025;VR. DEB. C/C REF. FERRUM COMERCIO LTDA NF 6.000;407,16;0;-38448,72;-45030,22
138;Reforma Portaria;20/02/2025;VR. DEB. C/C REF. AXF MATERIAIS DE CONSTRUÇÃO NF 1254;191,9;0;-38448,72;-45222,12
138;Reforma Portaria;20/02/2025;VR. DEB. C/C REF. CRONOS DISTRIBUIDORA LTDA NF 14.121;153,8;0;-38448,72;-45375,92
138;Reforma Portaria;20/02/2025;VR. DEB. C/C REF.SOUZA DAMIANI LTDA NF 336.981;72,34;0;-38448,72;-45448,26
138;Reforma Portaria;21/02/2025;VR. DEB. C/C REF. DEIDNE BARBOSA FONSECA;1700;0;-38448,72;-47148,26
138;Reforma Portaria;21/02/2025;VR. DEB. C/C REF. CLORAFER COMERCIO DE FERROS E METAIS LTDA NF 3285;78,88;0;-38448,72;-47227,14
138;Reforma Portaria;24/02/2025;VR. DEB. C/C REF. ALMEIDA ACABAMENTOS;515,7;0;-38448,72;-47742,84
138;Reforma Portaria;26/02/2025;VR. DEB. C/C REF. REAL COMERCIO LTDA NF 30853;345,99;0;-38448,72;-48088,83
138;Reforma Portaria;26/02/2025;VR. DEB. C/C REF. ALMEIDA ACABAMENTOS;43,34;0;-38448,72;-48132,17
138;Reforma Portaria;28/02/2025;VR. DEB. C/C REF.PARCELA FINAL DCJ;7500;0;-38448,72;-55632,17
138;Reforma Portaria;28/02/2025;VR. DEB. C/C REF. ALMEIDA ACABAMENTOS;67,5;0;-38448,72;-55699,67
144;Material Hidraulico;07/02/2025;VR. DEB. C/C REF. AXF MATERIAIS DE CONSTRUÇÃO LTDA NF 1240;25;0;-9397,51;-9422,51
144;Material Hidraulico;07/04/2025;VR. DEB. C/C REF. AQUATUDO COMERCIAL LTDA NF 1599;1700,7;0;-9397,51;-11123,21
144;Material Hidraulico;22/04/2025;VR. DEB. C/C REF. AXF MATERIAIS DE CONSTRUÇÃO LTDA NF 1.320;118,95;0;-9397,51;-11242,16
144;Material Hidraulico;24/07/2025;VR.DEB.C/C.REF.PAGTO VEREJO BLASKVICZ NF 131;172;0;-9397,51;-11414,16
533;Material /Servico - Iluminação interna;23/05/2025;VR. DEB. C/C REF.VAGALUME ILUMINACAO PUBLICA LTDA NF 2025000000000231;4500;0;0;-4500
236;Conservação e Manutençao da Portaria;05/03/2025;VR. DEB. C/C REF. WEVERTON COSME - PINTURA PORTAO;900;0;-4000;-4900
236;Conservação e Manutençao da Portaria;06/03/2025;VR. DEB. C/C REF.JASON DIAS - VIDROS PORTARIA;1780;0;-4000;-6680
236;Conservação e Manutençao da Portaria;07/03/2025;VR. DEB. C/C REF.LEONARDO RANGEL (MINAS TEXTURAS) NF 327;151,9;0;-4000;-6831,9
236;Conservação e Manutençao da Portaria;10/03/2025;VR. DEB. C/C REF. WEVERTON COSME PINTURA PORTARIA 2/2;900;0;-4000;-7731,9
236;Conservação e Manutençao da Portaria;10/03/2025;VR. DEB. C/C REF. DEIDNE BARBOSA - NIVELAMENTO PISO PORTARIA;700;0;-4000;-8431,9
236;Conservação e Manutençao da Portaria;13/03/2025;VR. DEB. C/C REF. DEIDNE BARBOSA NIVELAMENTO DO PISO 2/2;400;0;-4000;-8831,9
236;Conservação e Manutençao da Portaria;17/04/2025;VR. DEB. C/C REF.REPARO ESTRUTURAL PORTARIA - DAIDNE BARBOSA;900;0;-4000;-9731,9
236;Conservação e Manutençao da Portaria;22/04/2025;VR. DEB. C/C REF. JASON DIAS - VIDROS PORTARIA;1095;0;-4000;-10826,9
236;Conservação e Manutençao da Portaria;22/04/2025;VR. DEB. C/C REF. REAL COMERCIO LTDA / LAGOA SANTA - NF 31517;203,31;0;-4000;-11030,21
236;Conservação e Manutençao da Portaria;02/05/2025;VR. DEB. C/C REF.CASSIA MARIA NFS-E 70;1980;0;-4000;-13010,21
236;Conservação e Manutençao da Portaria;12/05/2025;VR. DEB. C/C REF. MANUTENÇÃO PORTA DE VIDRO;450;0;-4000;-13460,21
236;Conservação e Manutençao da Portaria;12/05/2025;VR. DEB. C/C REF. WEVERTON COSME - PINTURA MEIO FIO;350;0;-4000;-13810,21
306;Material de Copa;22/04/2025;VR. DEB. C/C REF. IVAL COMERCIO S J ALMEIDA;39,8;0;-915,01;-954,81
306;Material de Copa;18/06/2025;VR.DEB.C/C.REF.PAGTO VEREJO BLASKVICZ NF 129;35;0;-915,01;-989,81
230;Vale Transporte;06/01/2025;VR.DEB.C/C VT;1468,8;0;-16151,95;-17620,75
230;Vale Transporte;05/02/2025;VR.DEB.C/C VT;1468,8;0;-16151,95;-19089,55
230;Vale Transporte;05/03/2025;VR.DEB.C/C VT;1169,6;0;-16151,95;-20259,15
230;Vale Transporte;01/04/2025;VR.DEB.C/C VT;1169,6;0;-16151,95;-21428,75
230;Vale Transporte;14/04/2025;VR.DEB.C/C VT;217,6;0;-16151,95;-21646,35
230;Vale Transporte;02/05/2025;VR.DEB.C/C VT;1251,2;0;-16151,95;-22897,55
230;Vale Transporte;13/05/2025;VR.DEB.C/C CONSORCIO OTIMO DOC. E PERIODICO - LUIS F.;50;0;-16151,95;-22947,55
230;Vale Transporte;13/05/2025;VR.DEB.C/C REEMBOLSO VT - EXAME PERIODICO - SANDRO;30;0;-16151,95;-22977,55
230;Vale Transporte;02/06/2025;VR.DEB.C/C VT;1251,2;0;-16151,95;-24228,75
230;Vale Transporte;01/07/2025;VR.DEB.C/C VT;1169,6;0;-16151,95;-25398,35
230;Vale Transporte;18/07/2025;VR.DEB.C/C VT - CARLOS ALMEIDA;163,2;0;-16151,95;-25561,55
230;Vale Transporte;23/07/2025;VR.DEB.C/C VT - EXAME PERIODICO ADILSON;46,15;0;-16151,95;-25607,7
230;Vale Transporte;28/07/2025;VR.DEB.C/C VT. CARLOS ALMEIDA - EXAME ADM;30;0;-16151,95;-25637,7
14;Uniformes;24/03/2025;VR.DEB.C/C.REF.PAGTO VEREJO BLASKVICZ NF 123;75;0;-6829,83;-6904,83
14;Uniformes;28/04/2025;VR. DEB. C/C REF. MARIANA GABRIELA RODRIGUES NF 4.801;435;0;-6829,83;-7339,83
21;Cartao Alimentacao\Cesta Basica\Cesta Natal;07/01/2025;VR.DEB.C/C CIA BRASILEIRA SOLUCOES E SERVICOS REF.CARTAO ALIMENTACAO;1853,76;0;-34937,68;-36791,44
21;Cartao Alimentacao\Cesta Basica\Cesta Natal;05/02/2025;VR.DEB.C/C CIA BRASILEIRA SOLUCOES E SERVICOS REF.CARTAO ALIMENTACAO;1853,76;0;-34937,68;-38645,2
21;Cartao Alimentacao\Cesta Basica\Cesta Natal;05/03/2025;VR.DEB.C/C CIA BRASILEIRA SOLUCOES E SERVICOS REF.CARTAO ALIMENTACAO;1856,22;0;-34937,68;-40501,42
21;Cartao Alimentacao\Cesta Basica\Cesta Natal;07/04/2025;VR.DEB.C/C CIA BRASILEIRA SOLUCOES E SERVICOS REF.CARTAO ALIMENTACAO;1856,22;0;-34937,68;-42357,64
21;Cartao Alimentacao\Cesta Basica\Cesta Natal;07/05/2025;VR.DEB.C/C CIA BRASILEIRA SOLUCOES E SERVICOS REF.CARTAO ALIMENTACAO;1856,22;0;-34937,68;-44213,86
21;Cartao Alimentacao\Cesta Basica\Cesta Natal;06/06/2025;VR.DEB.C/C CIA BRASILEIRA SOLUCOES E SERVICOS REF.CARTAO ALIMENTACAO;1856,22;0;-34937,68;-46070,08
21;Cartao Alimentacao\Cesta Basica\Cesta Natal;04/07/2025;VR.DEB.C/C CIA BRASILEIRA SOLUCOES E SERVICOS REF.CARTAO ALIMENTACAO;1546,85;0;-34937,68;-47616,93
21;Cartao Alimentacao\Cesta Basica\Cesta Natal;18/07/2025;VR.DEB.C/C CIA BRASILEIRA SOLUCOES E SERVICOS REF.CARTAO ALIMENTACAO - CARLOS ALMEIDA;110;0;-34937,68;-47726,93
35;Assistencia Familiar e  Funeral Sindeac PAF;10/01/2025;VR.DEB.C/C.REF.PAGTO. SINDEAC PAF;690,2;0;-13355,57;-14045,77
35;Assistencia Familiar e  Funeral Sindeac PAF;10/02/2025;VR.DEB.C/C.REF.PAGTO. SINDEAC PAF;690,2;0;-13355,57;-14735,97
35;Assistencia Familiar e  Funeral Sindeac PAF;10/03/2025;VR.DEB.C/C.REF.PAGTO. SINDEAC PAF;690,2;0;-13355,57;-15426,17
35;Assistencia Familiar e  Funeral Sindeac PAF;10/04/2025;VR.DEB.C/C.REF.PAGTO. SINDEAC PAF;690,2;0;-13355,57;-16116,37
35;Assistencia Familiar e  Funeral Sindeac PAF;09/05/2025;VR.DEB.C/C.REF.PAGTO. SINDEAC PAF;690,2;0;-13355,57;-16806,57
35;Assistencia Familiar e  Funeral Sindeac PAF;10/06/2025;VR.DEB.C/C.REF.PAGTO. SINDEAC PAF;690,2;0;-13355,57;-17496,77
35;Assistencia Familiar e  Funeral Sindeac PAF;10/07/2025;VR.DEB.C/C.REF.PAGTO. SINDEAC PAF;591,6;0;-13355,57;-18088,37
122;Consultoria em Medicina do Trabalho;27/01/2025;VR.DEB.C/C MASTER CONSULTORIOS E CONSULTORIA MED;120;0;-3030;-3150
122;Consultoria em Medicina do Trabalho;27/02/2025;VR.DEB.C/C MASTER CONSULTORIOS E CONSULTORIA MED;120;0;-3030;-3270
122;Consultoria em Medicina do Trabalho;25/03/2025;VR.DEB.C/C MASTER CONSULTORIOS E CONSULTORIA MED;120;0;-3030;-3390
122;Consultoria em Medicina do Trabalho;28/04/2025;VR.DEB.C/C MASTER CONSULTORIOS E CONSULTORIA MED;120;0;-3030;-3510
122;Consultoria em Medicina do Trabalho;27/05/2025;VR.DEB.C/C MASTER CONSULTORIOS E CONSULTORIA MED;120;0;-3030;-3630
122;Consultoria em Medicina do Trabalho;25/06/2025;VR.DEB.C/C MASTER CONSULTORIOS E CONSULTORIA MED;120;0;-3030;-3750
122;Consultoria em Medicina do Trabalho;25/07/2025;VR.DEB.C/C MASTER CONSULTORIOS E CONSULTORIA MED;120;0;-3030;-3870
126;Rescisão;20/06/2025;VR. DEB. C/C REF. RESCISÃO FABIO FRANCA;3435,57;0;-1094,94;-4530,51
126;Rescisão;20/06/2025;VR. DEB. C/C REF. RESCISÃO FABIO FRANCA - DESLOCAMENTO P. RESCISAO;273,6;0;-1094,94;-4804,11
126;Rescisão;25/06/2025;VR. DEB. C/C REF.INSS E PIS RESCISORIO;659,18;0;-1094,94;-5463,29
126;Rescisão;25/06/2025;VR. DEB. C/C REF. FGTS RESCISORIO;155,11;0;-1094,94;-5618,4
477;Pro- Labore;02/01/2025;VR.DEB.C/C PRO-LABORE SINDICO;2000;0;-59000;-61000
477;Pro- Labore;04/02/2025;VR.DEB.C/C PRO-LABORE SINDICO;2000;0;-59000;-63000
477;Pro- Labore;05/03/2025;VR.DEB.C/C PRO-LABORE SINDICO;3000;0;-59000;-66000
477;Pro- Labore;01/04/2025;VR.DEB.C/C PRO-LABORE;3000;0;-59000;-69000
477;Pro- Labore;02/05/2025;VR.DEB.C/C PRO-LABORE SINDICO;3000;0;-59000;-72000
477;Pro- Labore;02/06/2025;VR.DEB.C/C PRO-LABORE;3000;0;-59000;-75000
477;Pro- Labore;01/07/2025;VR.DEB.C/C PRO-LABORE;3000;0;-59000;-78000
115;Sindeac PROFPS;10/01/2025;VR.DEB.C/C.REF.PAGTO SINDEAC PQM;84;0;-1742;-1826
115;Sindeac PROFPS;10/02/2025;VR.DEB.C/C.REF.PAGTO SINDEAC PQM;84;0;-1742;-1910
115;Sindeac PROFPS;10/03/2025;VR.DEB.C/C.REF.PAGTO SINDEAC PQM;84;0;-1742;-1994
115;Sindeac PROFPS;10/04/2025;VR.DEB.C/C.REF.PAGTO SINDEAC PQM PROFPS;84;0;-1742;-2078
115;Sindeac PROFPS;09/05/2025;VR.DEB.C/C.REF.PAGTO SINDEAC PQM;84;0;-1742;-2162
115;Sindeac PROFPS;10/06/2025;VR.DEB.C/C.REF.PAGTO SINDEAC PROFPS;84;0;-1742;-2246
115;Sindeac PROFPS;10/07/2025;VR.DEB.C/C.REF.PAGTO SINDEAC PROFPS;70;0;-1742;-2316
190;Servico de Suporte na Administracao;20/01/2025;VR. DEB. C/C REF. ERICK MATHEUS;219,01;0;-31773,1;-31992,11
190;Servico de Suporte na Administracao;02/05/2025;VR. DEB. C/C REF.SUBSTITUTO ADILSON;449,99;0;-31773,1;-32442,1
190;Servico de Suporte na Administracao;30/05/2025;VR. DEB. C/C REF. SUBS. FERIAS ADILSON;2021,51;0;-31773,1;-34463,61
190;Servico de Suporte na Administracao;23/06/2025;VR. DEB. C/C REF. ALAOR SUBS. DIA 21/06;223,58;0;-31773,1;-34687,19
439;Sistema de Ponto;15/01/2025;VR.DEB.C/C.REF. SISTEMA PONTO TANGERINO;71,92;0;-1685,68;-1757,6
439;Sistema de Ponto;17/02/2025;VR.DEB.C/C.REF. SISTEMA PONTO TANGERINO;71,92;0;-1685,68;-1829,52
439;Sistema de Ponto;17/03/2025;VR.DEB.C/C.REF. SISTEMA PONTO TANGERINO;71,92;0;-1685,68;-1901,44
439;Sistema de Ponto;15/04/2025;VR.DEB.C/C.REF. SISTEMA PONTO TANGERINO;71,92;0;-1685,68;-1973,36
439;Sistema de Ponto;15/05/2025;VR.DEB.C/C.REF. SISTEMA PONTO TANGERINO;71,92;0;-1685,68;-2045,28
439;Sistema de Ponto;16/06/2025;VR.DEB.C/C.REF. SISTEMA PONTO TANGERINO;71,92;0;-1685,68;-2117,2
439;Sistema de Ponto;15/07/2025;VR.DEB.C/C.REF. SISTEMA PONTO TANGERINO;71,92;0;-1685,68;-2189,12
516;Material de Segurança EPI;23/05/2025;VR.DEB.C/C.REF.PAGTO VEREJO BLASKVICZ 125;157;0;-1730,12;-1887,12
516;Material de Segurança EPI;18/06/2025;VR.DEB.C/C.REF.PAGTO VEREJO BLASKVICZ NF 129;90;0;-1730,12;-1977,12
132;IPTU;06/06/2025;VR. DEB. C/C REF. DAM IPTU - ESPAÇO GOURMET;601,18;0;-1022,76;-1623,94
156;IPVA;21/02/2025;VR. DEB. C/C REF. IPVA MOTO COND;111,84;0;-629,3;-741,14
156;IPVA;21/02/2025;VR. DEB. C/C REF. IPVA MOTO COND;80,8;0;-629,3;-821,94
156;IPVA;28/03/2025;VR. DEB. C/C REF.IPVA 2022;563,11;0;-629,3;-1385,05
156;IPVA;28/03/2025;VR. DEB. C/C REF. IPVA 2021;310,63;0;-629,3;-1695,68
156;IPVA;07/04/2025;VR. DEB. C/C REF.IPVA 2025 3/3;76,66;0;-629,3;-1772,34
243;Taxa de Alvara;10/01/2025;VR. DEB. C/C REF. ALVARA DE FUNCIONAMENTO E LOCALIDADE;436,8;0;-965,4;-1402,2
244;Tarifas Bancarias;31/01/2025;VR.DEB.C/C TARIFAS BANCARIAS CF EXTRATO;1046,25;0;-18612,11;-19658,36
244;Tarifas Bancarias;28/02/2025;VR.DEB.C/C TARIFAS BANCARIAS CF EXTRATO;1023,78;0;-18612,11;-20682,14
244;Tarifas Bancarias;31/03/2025;VR.DEB.C/C TARIFAS BANCARIAS CF EXTRATO;981,97;0;-18612,11;-21664,11
244;Tarifas Bancarias;30/04/2025;VR.DEB.C/C TARIFAS BANCARIAS CF EXTRATO;1024,85;0;-18612,11;-22688,96
244;Tarifas Bancarias;30/05/2025;VR.DEB.C/C TARIFAS BANCARIAS CF EXTRATO;956,15;0;-18612,11;-23645,11
244;Tarifas Bancarias;30/06/2025;VR.DEB.C/C TARIFAS BANCARIAS CF EXTRATO;917,82;0;-18612,11;-24562,93
244;Tarifas Bancarias;31/07/2025;VR.DEB.C/C TARIFAS BANCARIAS CF EXTRATO;950,54;0;-18612,11;-25513,47
98;IOF/IRRF;31/01/2025;VR.DEB.C/C.REF.RESTAGE CDB;8,81;0;-3692,65;-3701,46
98;IOF/IRRF;28/02/2025;VR.DEB.APLICAÇÃO TARIFAS BANCARIAS CF EXTRATO;18,29;0;-3692,65;-3719,75
98;IOF/IRRF;31/03/2025;VR.DEB.C/C TARIFAS BANCARIAS CF EXTRATO;211,74;0;-3692,65;-3931,49
98;IOF/IRRF;30/04/2025;VR.DEB.C/C TARIFAS BANCARIAS CF EXTRATO;147,33;0;-3692,65;-4078,82
98;IOF/IRRF;30/05/2025;VR.DEB.C/C TARIFAS BANCARIAS CF EXTRATO;519,56;0;-3692,65;-4598,38
255;Taxa de Condominio;31/01/2025;VR.CRED.C/C MOV.COBRANÇA CF. EXTRATO;0;36080;719819,45;755899,45
255;Taxa de Condominio;28/02/2025;VR.CRED.C/C MOV.COBRANÇA CF. EXTRATO;0;33660;719819,45;789559,45
255;Taxa de Condominio;31/03/2025;VR.CRED.C/C MOV.COBRANÇA CF. EXTRATO;0;33660;719819,45;823219,45
255;Taxa de Condominio;30/04/2025;VR.CRED.C/C TAXA CONDOMINIAL CF. EXTRATO;0;37935;719819,45;861154,45
255;Taxa de Condominio;30/05/2025;VR.CRED.C/C MOV.COBRANÇA CF. EXTRATO;0;36190;719819,45;897344,45
255;Taxa de Condominio;30/06/2025;VR.CRED.C/C MOV.COBRANÇA CF. EXTRATO;0;34780;719819,45;932124,45
255;Taxa de Condominio;31/07/2025;VR.CRED.C/C MOV.COBRANÇA CF. EXTRATO;0;35485;719819,45;967609,45
19;Taxa Condominio Acordo administrativo;09/01/2025;VR.DEB.C/C RECEITA ACORDO CF.PLANILHA;336,86;0;141554,34;141217,48
19;Taxa Condominio Acordo administrativo;31/01/2025;VR.CRED.C/C RECEITA ACORDO CF.PLANILHA;0;5768,57;141554,34;146986,05
19;Taxa Condominio Acordo administrativo;31/01/2025;VR.DEB.C/C RECEITA ACORDO CF.PLANILHA;576,86;0;141554,34;146409,19
19;Taxa Condominio Acordo administrativo;28/02/2025;VR.CRED.C/C RECEITA ACORDO CF.PLANILHA;0;8248,64;141554,34;154657,83
19;Taxa Condominio Acordo administrativo;28/02/2025;VR.DEB.C/C RECEITA ACORDO CF.PLANILHA;824,86;0;141554,34;153832,97
19;Taxa Condominio Acordo administrativo;31/03/2025;VR.CRED.C/C RECEITA ACORDO CF.PLANILHA;0;6628,05;141554,34;160461,02
19;Taxa Condominio Acordo administrativo;31/03/2025;VR.DEB.C/C RECEITA ACORDO CF.PLANILHA;601,56;0;141554,34;159859,46
19;Taxa Condominio Acordo administrativo;30/04/2025;VR.CRED.C/C RECEITA ACORDO CF.PLANILHA;0;4741,82;141554,34;164601,28
19;Taxa Condominio Acordo administrativo;30/04/2025;VR.DEB.C/C RECEITA ACORDO - HONORARIO;581,56;0;141554,34;164019,72
19;Taxa Condominio Acordo administrativo;30/05/2025;VR.CRED.C/C RECEITA ACORDO CF.PLANILHA;0;6717,05;141554,34;170736,77
19;Taxa Condominio Acordo administrativo;30/05/2025;VR.DEB.C/C RECEITA ACORDO CF.PLANILHA;703,56;0;141554,34;170033,21
19;Taxa Condominio Acordo administrativo;30/06/2025;VR.CRED.C/C RECEITA ACORDO CF.PLANILHA;0;8093,75;141554,34;178126,96
19;Taxa Condominio Acordo administrativo;30/06/2025;VR.DEB.C/C RECEITA ACORDO HONORARIO;915,52;0;141554,34;177211,44
19;Taxa Condominio Acordo administrativo;31/07/2025;VR.CRED.C/C RECEITA ACORDO CF.PLANILHA;0;6105,19;141554,34;183316,63
19;Taxa Condominio Acordo administrativo;31/07/2025;VR.DEB.C/C RECEITA ACORDO CF.PLANILHA;637,52;0;141554,34;182679,11
42;Taxa de instalacao de hidrometro;30/04/2025;VR. CRED. C/C REF. TAXA DE HIDROMETRO;0;1715;7820;9535
116;Taxa Consumo de Agua;31/01/2025;VR. CRED. C/C REF. TAXA DE AGUA;0;1766,55;45805,78;47572,33
116;Taxa Consumo de Agua;28/02/2025;VR. CRED. C/C REF. TAXA DE AGUA;0;1522,16;45805,78;49094,49
116;Taxa Consumo de Agua;31/03/2025;VR. CRED. C/C REF. TAXA DE AGUA;0;2516,02;45805,78;51610,51
116;Taxa Consumo de Agua;30/04/2025;VR. CRED. C/C REF. TAXA DE AGUA;0;2181,33;45805,78;53791,84
116;Taxa Consumo de Agua;30/05/2025;VR. CRED. C/C REF. TAXA DE AGUA;0;1932,69;45805,78;55724,53
116;Taxa Consumo de Agua;30/06/2025;VR. CRED. C/C REF. TAXA DE AGUA;0;1727,38;45805,78;57451,91
116;Taxa Consumo de Agua;31/07/2025;VR. CRED. C/C REF. TAXA DE AGUA;0;2044,57;45805,78;59496,48
124;Taxa Controle de Acesso;31/01/2025;VR.CRED.C/C RECEITA CONTROLE DE ACESSO;0;40;1880;1920
124;Taxa Controle de Acesso;30/04/2025;VR.CRED.C/C RECEITA CONTROLE DE ACESSO;0;40;1880;1960
124;Taxa Controle de Acesso;30/06/2025;VR.CRED.C/C.REF.PAGTO. CONTROLE DE ACESSO;0;40;1880;2000
124;Taxa Controle de Acesso;31/07/2025;VR.CRED.C/C RECEITA CONTROLE DE ACESSO;0;120;1880;2120
397;Taxa Espaço Gourmet;31/01/2025;VR.CRED.C/C RECEITA RESERVA ESPAÇO GOURMET;0;300;250;550
397;Taxa Espaço Gourmet;30/05/2025;VR.CRED.C/C RECEITA LOCAÇÃO CF.PLANILHA;0;300;250;850
397;Taxa Espaço Gourmet;30/06/2025;VR.CRED.C/C.REF.PAGTO. RESERVA ESPAÇO GOURMET;0;300;250;1150
600;Receita Reembolso Mercado Livre;18/03/2025;REEMBOLSO COMPRAS MERCADO LIVRE;0;560,96;1028,1;1589,06
600;Receita Reembolso Mercado Livre;16/07/2025;VR. CRED. C/C REEMBOLSO ALICATE MERCADO LIVRE;0;65,99;1028,1;1655,05
267;Receitas de Aplicacoes Financeiras;31/01/2025;VR.CRED.C/C REND.APLICAÇAO FINANCEIRA CF EXTRATO;0;907,44;20795,69;21703,13
267;Receitas de Aplicacoes Financeiras;28/02/2025;VR.CRED.C/C REND.APLICAÇAO FINANCEIRA CF EXTRATO;0;847,79;20795,69;22550,92
267;Receitas de Aplicacoes Financeiras;31/03/2025;VR.CRED.C/C REND.APLICAÇAO FINANCEIRA CF EXTRATO;0;724,66;20795,69;23275,58
267;Receitas de Aplicacoes Financeiras;30/04/2025;VR.CRED.C/C REND.APLICAÇAO FINANCEIRA CF EXTRATO;0;733,92;20795,69;24009,5
267;Receitas de Aplicacoes Financeiras;30/05/2025;VR.CRED.C/C REND.APLICAÇAO FINANCEIRA CF EXTRATO;0;755,32;20795,69;24764,82
267;Receitas de Aplicacoes Financeiras;30/06/2025;VR.CRED.C/C REND.APLICAÇAO FINANCEIRA CF EXTRATO;0;728,51;20795,69;25493,33
267;Receitas de Aplicacoes Financeiras;31/07/2025;VR.CRED.C/C REND.APLICAÇAO FINANCEIRA CF EXTRATO;0;859,47;20795,69;26352,8
264;Multa e Juros;31/01/2025;VR.CRED.C/C.REF.PAGTO. JUROS E MULTA;0;97,53;3376,94;3474,47
264;Multa e Juros;28/02/2025;VR.CRED.C/C.REF.PAGTO. JUROS E MULTA;0;125,78;3376,94;3600,25
264;Multa e Juros;31/03/2025;VR.CRED.C/C.REF.PAGTO. JUROS E MULTA;0;86,89;3376,94;3687,14
264;Multa e Juros;30/04/2025;VR.CRED.C/C.REF.PAGTO. JUROS E MULTA;0;158,32;3376,94;3845,46
264;Multa e Juros;30/05/2025;VR.CRED.C/C.REF.PAGTO. JUROS E MULTA;0;103,8;3376,94;3949,26
264;Multa e Juros;30/06/2025;VR.CRED.C/C.REF.PAGTO. JUROS E MULTA;0;97,3;3376,94;4046,56
264;Multa e Juros;31/07/2025;VR.CRED.C/C.REF.PAGTO. JUROS E MULTA;0;115,13;3376,94;4161,69
